# D3 game-side call-graph clusters, update-v262144 main. label from direct resource-path anchors (>=2 anchors, >=60% agreement); "-" = no label evidence.
cluster_id	functions	body_bytes	min_entry	max_entry	label	anchors	anchors_agreeing
0	9993	8198424	0004fe00	032a4980	-	0	0
1	4943	1726784	006ed25c	032a4ab0	-	0	0
2	3677	624408	006e1474	032a4510	-	0	0
3	3273	772904	0085f658	0277319c	ui	5	3
4	2804	792344	00a5f76c	01ac72d8	-	0	0
5	2630	471408	001a3418	032a5490	-	0	0
6	2400	1205940	00776bb0	032a5030	ui	2	2
7	2306	769608	00c17c1c	02b4e6a0	ui	7	6
8	2262	953760	000513b0	032a5500	save	8	7
9	2214	1250916	00780560	02b8e548	-	0	0
10	2143	746972	001deb18	032a53e0	-	0	0
11	2096	399424	00c4cc78	032a4cd0	ui	6	5
12	1929	488720	007827fc	02b5d638	effect	14	14
13	1580	341984	00d95120	023fddd4	-	0	0
14	1335	408020	0084d75c	032a4e20	-	0	0
15	1270	345424	008b19b4	009d2178	-	0	0
16	1232	305604	02836d84	032a5610	-	0	0
17	1208	370320	00fcc36c	032a4ba0	-	0	0
18	1206	496676	00f431a0	01679468	-	0	0
19	1157	304676	007c97f0	0084d758	-	0	0
20	1126	507696	00e9d930	0240eca8	-	0	0
21	1124	268236	00a1df44	032a4a40	ui	4	4
22	1122	309016	00836240	028348e4	-	0	0
23	1054	292592	016a0b80	02275444	-	0	0
24	1047	313696	00aba7bc	027dd06c	-	0	0
25	1037	340756	01a03afc	0262452c	-	0	0
26	990	345816	01fb1670	022baf00	-	0	0
27	983	282004	01d1247c	02613d08	-	0	0
28	977	108184	014102f4	02a22304	-	0	0
29	955	353748	00d90370	02442454	-	0	0
30	946	311572	0083cc88	032a4b30	save	3	2
31	929	266484	01764b50	017a5a74	-	0	0
32	908	274248	027baca4	02cac138	-	0	0
33	902	288336	00871f18	02b442ac	ui	4	3
34	891	336728	008e8c84	032a4c10	-	0	0
35	882	432832	00ee5200	020ec494	-	0	0
36	866	187320	00856f48	032a4920	-	0	0
37	854	280812	00827954	02b50bd8	ui	5	5
38	852	323124	00debd9c	022c7eb8	-	0	0
39	804	426104	009f9254	032a30b0	-	0	0
40	791	284516	01587308	0225f5a0	-	0	0
41	785	342580	00dd17c4	0243ca80	-	0	0
42	776	133300	008dfe60	0099b09c	-	0	0
43	702	285116	00df61f0	0227455c	-	0	0
44	678	262032	023a33c4	023e3b90	-	0	0
45	664	172972	01459454	02b57578	-	0	0
46	656	214856	016b1500	01fd7ddc	-	0	0
47	651	250812	00cd8b00	00ff1488	-	0	0
48	640	127712	016d08c0	0260e140	-	0	0
49	620	219172	010fcbd0	026f412c	-	0	0
50	615	168308	00e4a000	022a1554	-	0	0
51	611	258896	00d07090	020c8c24	-	0	0
52	595	206812	00def444	023f8d30	-	0	0
53	586	38336	009bbd44	02526b8c	-	0	0
54	585	120924	01e4b17c	02201c8c	-	0	0
55	561	241444	000038f0	032a5260	-	0	0
56	558	103724	01835bec	01869dfc	-	0	0
57	546	174984	014fcd40	024188a0	-	0	0
58	539	188476	0150f320	01580c20	-	0	0
59	526	152156	00a24110	020007c0	-	0	0
60	522	164492	01ddb364	022c80c8	-	0	0
61	515	134108	0262ba08	02bcaa8c	-	0	0
62	510	173648	01ebcac0	02433f78	-	0	0
63	509	128940	012663bc	0273ac34	-	0	0
64	503	159540	00da9710	0208eb00	-	0	0
65	496	84900	008fed6c	00979280	-	0	0
66	492	207532	0174decc	01cb49dc	-	0	0
67	474	171168	014c0554	016511c8	-	0	0
68	474	140704	010da76c	02737030	-	0	0
69	473	273044	00f44920	023a3fc8	-	0	0
70	465	96896	00c265c8	027b8eac	-	0	0
71	465	162952	016f493c	02b06f58	-	0	0
72	463	166448	00a3f374	0218c070	-	0	0
73	460	150152	020beb40	02222364	-	0	0
74	456	97808	018dd4c0	0249c3a4	-	0	0
75	453	178776	00de1760	021850c4	-	0	0
76	445	174096	02023740	02052884	-	0	0
77	443	142912	00b50ae4	01cf1c00	-	0	0
78	439	169204	0160edb0	0167e7a0	event_script	2	2
79	438	210580	017ae940	01e99fb4	-	0	0
80	437	159116	016c9040	02154670	-	0	0
81	427	162304	0105c8fc	024a8344	-	0	0
82	427	118316	0100b86c	026deff0	-	0	0
83	407	69532	00c6d9c0	0157a664	-	0	0
84	400	100008	008b4a20	01d3faf0	-	0	0
85	397	93444	01970470	0260d294	-	0	0
86	393	71624	0190c210	01d3b6e0	-	0	0
87	392	106800	01aafc68	02240b14	-	0	0
88	392	138744	0077f06c	029ab144	-	0	0
89	391	72108	00fea024	0119b3f8	-	0	0
90	386	64844	00c39e88	0114e6d4	-	0	0
91	380	69324	00e8fe70	027aee54	-	0	0
92	379	94872	00ab8ef0	00b19904	-	0	0
93	375	60472	008dc0a0	009a6a10	-	0	0
94	370	117816	00e274f0	00f3bc74	-	0	0
95	362	82868	0238d1c0	02627b80	-	0	0
96	359	113220	00bbdf94	01c52c98	-	0	0
97	358	82556	010ac778	0276bdc4	-	0	0
98	351	142108	01feda38	02451350	-	0	0
99	341	149456	00cef410	01634df0	-	0	0
100	339	86204	026472bc	0265c248	-	0	0
101	339	103424	007d6410	021cbe30	-	0	0
102	329	115592	0119ed64	011bae04	-	0	0
103	318	75644	0194f110	025a3bc4	-	0	0
104	316	58140	008ba564	02952bd0	-	0	0
105	314	93668	02c81e74	02c98bf4	-	0	0
106	310	88932	017c5c14	02b2b3a4	-	0	0
107	309	83604	01733734	017ae680	-	0	0
108	283	62520	00000000	032a24a0	-	0	0
109	277	5856	02915238	029175f0	-	0	0
110	274	70956	0088e008	024ed930	-	0	0
111	267	104208	00d36784	00d6e398	-	0	0
112	265	20352	01fe6810	01feb75c	-	0	0
113	262	95660	02be6400	02bfd928	-	0	0
114	258	105620	00d73570	01397988	-	0	0
115	255	66616	01bde13c	01dbdff8	-	0	0
116	250	81444	00cc57b0	00d6f038	-	0	0
117	248	106940	011c3ba0	011dc020	-	0	0
118	246	85952	008bd48c	024b4e24	-	0	0
119	240	65228	00cb8d04	0149b99c	-	0	0
120	239	87064	0149df90	01509dfc	-	0	0
121	233	86856	00e11df0	00e25170	-	0	0
122	231	84724	014c75b0	0160e794	-	0	0
123	221	81876	02c000f0	02c1402c	-	0	0
124	220	78308	0219aa40	022759a8	-	0	0
125	216	42012	0071a950	032a4470	-	0	0
126	216	21948	02992124	02997468	-	0	0
127	211	68820	02365a10	02376000	-	0	0
128	208	78656	01f09ee0	02000250	-	0	0
129	208	98788	01688a54	01f8abdc	-	0	0
130	206	75936	009d6f00	01d104d4	-	0	0
131	204	44900	026a86b8	026b6cf8	-	0	0
132	201	88240	0237776c	0238a190	-	0	0
133	200	82572	00ed0dd0	01f055f8	-	0	0
134	190	50568	01a525ac	01e7cfc8	-	0	0
135	185	47396	018d1348	01ace124	-	0	0
136	182	75276	00a79bc0	00c093ec	-	0	0
137	180	64704	02c6f080	02c7ecbc	-	0	0
138	178	42884	00c0f5bc	01488be4	-	0	0
139	166	68252	00838550	029efd3c	-	0	0
140	164	11808	007e47d4	007e75ac	-	0	0
141	160	53748	01d0657c	020deffc	-	0	0
142	158	25444	0139dcd0	013a5fd0	-	0	0
143	151	52256	00d4faf0	00d6f5e8	-	0	0
144	143	47132	019ab144	02546064	-	0	0
145	139	23140	01158260	026fe654	-	0	0
146	135	10984	01fb7ea0	01fba94c	-	0	0
147	131	35216	01f79d60	020c65c8	-	0	0
148	129	29820	026cd588	026d48f4	-	0	0
149	128	40232	019072ac	01eae6c0	-	0	0
150	127	55452	019b8ee0	01a36d28	-	0	0
151	125	23244	00c61ea4	0140385c	-	0	0
152	113	40500	00e51a60	00e5b348	-	0	0
153	111	67328	0297cc78	032a4f10	-	0	0
154	110	26360	026c4098	026cc5d4	-	0	0
155	107	40264	00dc79e0	00dd1758	-	0	0
156	104	17184	0279a6d0	0279e904	-	0	0
157	96	19604	019aeed0	01cc392c	-	0	0
158	91	13748	0139a330	0139da40	-	0	0
159	90	4844	0059c89c	0059dbf8	-	0	0
160	88	15368	0129d7d4	012a96d0	-	0	0
161	83	17172	019ad404	01b666d8	-	0	0
162	82	16340	012b7f7c	012bc554	-	0	0
163	82	12404	01348ae0	0134ba90	-	0	0
164	81	10460	017641f0	018b467c	-	0	0
165	78	24360	0140988c	0140f7a0	-	0	0
166	76	28356	02456d80	0245e7d0	-	0	0
167	76	6532	01329154	0132b1ec	-	0	0
168	75	17720	0117d668	01188b50	-	0	0
169	75	16360	0059e668	005a5ab4	-	0	0
170	72	24056	00a193e8	01b20ed0	-	0	0
171	71	11408	0171424c	01716ea8	-	0	0
172	66	14548	02ae4d68	02ae856c	-	0	0
173	63	11588	0199eb6c	019a18a4	-	0	0
174	63	31016	01bbcce8	01bc5844	-	0	0
175	59	5132	001058c4	001120d8	-	0	0
176	55	33032	01050aa0	01059a68	-	0	0
177	53	59944	00083f98	000af124	havok_integration	3	3
178	52	3212	01083848	01084898	-	0	0
179	52	6724	0128dff0	0128f890	-	0	0
180	51	10820	005376a0	0053a904	-	0	0
181	50	14564	01a93c60	01a97540	-	0	0
182	50	11188	01a5ff58	01a62670	-	0	0
183	49	4860	01a68c1c	01a6ac78	-	0	0
184	49	5056	01288e0c	0128a100	-	0	0
185	46	8300	019a25dc	019a463c	-	0	0
186	45	3136	001b33d4	001b400c	-	0	0
187	43	8860	02c148d8	02c16b74	-	0	0
188	41	5052	01b36d58	01b38108	-	0	0
189	40	5872	024b67e8	024b78c4	-	0	0
190	39	19424	01c2c424	01c30ec8	-	0	0
191	39	2788	0058b46c	0058bfa8	-	0	0
192	39	9904	01e822a8	01e8c868	-	0	0
193	38	4960	0096e63c	0096f998	-	0	0
194	36	10132	0069e37c	006b2d70	-	0	0
195	35	9944	00b4388c	00b45dec	-	0	0
196	34	9668	025af66c	025b1bb4	-	0	0
197	34	6180	025c07cc	025c2080	-	0	0
198	33	4544	01b637f0	01b64800	-	0	0
199	33	8308	01adbfcc	01addd44	-	0	0
200	33	168	00c60b74	00c60c14	-	0	0
201	31	6576	005a2030	005a4278	-	0	0
202	31	5420	008e2f20	008e4420	-	0	0
203	31	10172	01cb75f0	01cb9bf0	-	0	0
204	31	7364	01bab260	01bacedc	-	0	0
205	31	5964	01b40444	01b47d08	-	0	0
206	30	4032	009757d4	00976790	-	0	0
207	30	11520	01ccbc20	01cce7e4	-	0	0
208	29	4300	0172a6e0	0172b77c	-	0	0
209	29	4784	01976b50	01977df4	-	0	0
210	28	4000	016f0550	016f1410	-	0	0
211	27	2900	009c3150	009c3c94	-	0	0
212	27	2304	00b2209c	00b228b0	-	0	0
213	27	9432	01be4720	01be6ab8	-	0	0
214	26	10940	01bca428	01bccdac	-	0	0
215	26	6008	001b4290	001b8568	-	0	0
216	26	4532	018a801c	018a90f4	-	0	0
217	25	3384	01948eb4	01949be0	-	0	0
218	25	4172	01ba8c78	01ba9b68	-	0	0
219	25	9512	01caa650	01caca38	-	0	0
220	25	5620	01ad19dc	01ad2fbc	-	0	0
221	24	7964	0255bfac	0255ddfc	-	0	0
222	23	5296	009e6ec4	009e81ac	-	0	0
223	23	17108	01b26df8	01b2aed0	-	0	0
224	22	2976	00acfe6c	00ad09ac	-	0	0
225	22	3080	02507854	0250830c	-	0	0
226	22	3756	024f40e0	024f4f88	-	0	0
227	22	6240	008ce368	008cf990	-	0	0
228	21	1652	00b35b70	00b36160	-	0	0
229	21	5944	01e86f3c	01e88700	-	0	0
230	21	12496	01991e30	019a7550	-	0	0
231	20	2316	0190aeb0	0190b618	-	0	0
232	20	1832	017e1af4	017e2220	-	0	0
233	19	5508	017236f8	017247f4	-	0	0
234	19	456	012c4658	012c4818	-	0	0
235	19	1896	01901bec	01902274	-	0	0
236	18	2048	0252e6f8	0252eef0	-	0	0
237	18	1080	0156b1cc	0156b5f0	-	0	0
238	18	2164	00579c34	0057a410	-	0	0
239	18	3268	00b34db0	00b359ec	-	0	0
240	17	556	013ebaa8	013ebcb8	-	0	0
241	17	13512	0258f054	02592170	-	0	0
242	17	596	009bab14	009bace4	-	0	0
243	17	5280	032a0e9c	032a23b0	-	0	0
244	17	956	0257d040	0257d3f4	-	0	0
245	16	3248	01b55c28	01b567a8	-	0	0
246	16	2208	00991f9c	00992838	-	0	0
247	16	5976	01a85730	01a86ab8	-	0	0
248	15	5644	0085a800	0085bb64	-	0	0
249	15	1452	00986334	00986810	-	0	0
250	15	688	01582e8c	01583138	-	0	0
251	15	1872	01aa9078	01aa96e8	-	0	0
252	14	2236	009957b0	00996040	-	0	0
253	14	1416	00997bb0	00998134	-	0	0
254	14	2196	00992d58	009935e8	-	0	0
255	14	1780	00996584	00996c74	-	0	0
256	14	2064	0095d48c	0095dbcc	-	0	0
257	13	1428	008e52a4	008e5768	-	0	0
258	13	1852	01c15888	01c15fbc	-	0	0
259	13	2920	006736ec	006745d8	-	0	0
260	13	1412	0098f1b0	0098f664	-	0	0
261	13	10880	024cc6d0	024cf144	-	0	0
262	13	2060	00963530	00963c6c	-	0	0
263	13	808	0141217c	0141249c	-	0	0
264	13	2216	016dcfa0	016dd648	-	0	0
265	12	736	00aee694	00aee86c	-	0	0
266	12	4572	01c8300c	01c83fa4	-	0	0
267	12	600	01718578	017187a0	-	0	0
268	12	3012	01c29bd4	01c2a658	-	0	0
269	12	984	00f938a8	00f93bf0	-	0	0
270	12	3168	01e5b3f0	01e5c0e8	-	0	0
271	12	5868	00b4823c	00b497b0	-	0	0
272	12	1756	008e5ec0	008e64c0	-	0	0
273	12	2164	009eba88	009ec2f0	-	0	0
274	12	2440	01b9ea50	01b9f2d8	-	0	0
275	11	7028	01907f38	019097d8	-	0	0
276	11	2700	01b17acc	01b18454	-	0	0
277	11	1752	00991370	0099196c	-	0	0
278	11	2192	01bee638	01beedec	-	0	0
279	11	76	0194c700	0194c748	-	0	0
280	11	1732	024db8b8	024dbf30	-	0	0
281	10	808	006123dc	00612724	-	0	0
282	10	2756	02547c30	02548548	-	0	0
283	10	1384	01ad4380	01ad48e0	-	0	0
284	10	96	01987f94	01987fec	-	0	0
285	10	2044	0095adfc	0095b528	-	0	0
286	10	3232	018f1f14	018f2bb0	-	0	0
287	10	1236	016ea00c	016ea4dc	-	0	0
288	10	1752	008d05b8	008d0bb4	-	0	0
289	10	5192	01b1e7d8	01b1fc30	-	0	0
290	10	2748	016e6970	016e7424	-	0	0
291	10	1516	01b3a438	01b3a938	-	0	0
292	10	824	01a92098	01a923e0	-	0	0
293	10	760	01aa8918	01aa8c08	-	0	0
294	10	2408	01729b00	0172a334	-	0	0
295	10	8140	01a116a4	01a13638	-	0	0
296	9	3036	01b19a9c	01b1a4e8	-	0	0
297	9	1392	008d29f0	008d2e90	-	0	0
298	9	1612	01a4cc00	01a4d244	-	0	0
299	9	4820	0085c5e0	0085d830	-	0	0
300	9	4080	0172d1ec	0172dfa4	-	0	0
301	9	1960	0099fc48	009a0310	-	0	0
302	9	1648	01b1bcd8	01b1c340	-	0	0
303	9	1392	0171e6d4	0171ec3c	-	0	0
304	9	5816	009f69e8	009f7e30	-	0	0
305	9	2232	01b169cc	01b17180	-	0	0
306	9	1268	00a1c464	00a1c950	-	0	0
307	9	1500	01b1d3ac	01b1d980	-	0	0
308	9	2148	024b8790	024b8ef8	-	0	0
309	9	1392	008e7ed8	008e8378	-	0	0
310	9	4464	025363f0	025372e8	-	0	0
311	9	1392	008d3420	008d38c0	-	0	0
312	9	1104	01e38b88	01e38fc4	-	0	0
313	9	2180	009ea208	009eaa84	-	0	0
314	9	4944	01756824	01757888	-	0	0
315	9	1392	008d1fc0	008d2460	-	0	0
316	9	1576	019b41f0	019b4810	-	0	0
317	9	1720	01cfe3c0	01cfea70	-	0	0
318	9	1440	024da7a0	024dad38	-	0	0
319	9	4796	019ca244	019cb4f8	-	0	0
320	9	4584	0257852c	02579694	-	0	0
321	8	552	01de6bf0	01de6e14	-	0	0
322	8	1204	02537674	02537b24	-	0	0
323	8	900	01c48abc	01c48e38	-	0	0
324	7	192	005f37d4	005f388c	-	0	0
325	7	196	00580978	00580a30	-	0	0
326	7	196	00600278	00600330	-	0	0
327	7	1980	02593928	025940dc	-	0	0
328	6	1384	001b5310	001b59b8	-	0	0
329	6	1384	001b6390	001b6a38	-	0	0
330	6	1384	001b4ad0	001b5178	-	0	0
331	6	1384	001b5b50	001b61f8	-	0	0
332	6	828	02e2df7c	02e2dffc	-	0	0
333	6	1384	001b6bd0	001b7278	-	0	0
334	5	628	006a3050	006a3270	-	0	0
335	4	1296	00050a90	00050da0	-	0	0
336	4	504	0004feb0	0004ff70	-	0	0
337	4	68	02e32b64	02e32b90	-	0	0
338	4	612	006265d0	0062678c	-	0	0
339	4	64	032a30e0	032a3110	-	0	0
340	4	10560	0002c270	0002e070	-	0	0
341	4	832	000522a0	00052550	-	0	0
342	3	420	001e216c	001e22f4	-	0	0
343	3	420	00625610	00625798	-	0	0
344	3	260	001b2e08	001b2ecc	-	0	0
345	3	19464	0007b038	0007f0d0	-	0	0
346	3	420	006894a0	006894f4	-	0	0
347	3	6052	000856e8	00086ddc	-	0	0
348	3	328	00082f2c	00083008	-	0	0
349	3	844	00051860	00051a70	-	0	0
350	3	428	006b0ef0	006b1094	-	0	0
351	2	760	00050750	000508c0	-	0	0
352	2	144	006729a4	00672a30	-	0	0
353	2	84	00533620	00533628	-	0	0
354	2	460	02663530	026635ec	-	0	0
355	2	32	032a2550	032a2560	-	0	0
356	2	144	00682664	006826f0	-	0	0
357	2	224	005e6430	005e64a0	-	0	0
358	2	440	00051d20	00051e00	-	0	0
359	2	484	00051fe0	00052090	-	0	0
360	2	392	00050260	00050310	-	0	0
361	2	476	000510e0	000511d0	-	0	0
362	1	280	00052790	00052790	-	0	0
363	1	696	00225870	00225870	-	0	0
364	1	16	032a3660	032a3660	-	0	0
365	1	16	032a2600	032a2600	-	0	0
366	1	16	032a3a60	032a3a60	-	0	0
367	1	700	00229be4	00229be4	-	0	0
368	1	16	032a37d0	032a37d0	-	0	0
369	1	392	00052ae0	00052ae0	-	0	0
370	1	848	00222600	00222600	-	0	0
371	1	700	002280e4	002280e4	-	0	0
372	1	88	00053520	00053520	-	0	0
373	1	28	026654b4	026654b4	-	0	0
374	1	16	032a2650	032a2650	-	0	0
375	1	164	005dc180	005dc180	-	0	0
376	1	336	005f5c50	005f5c50	-	0	0
377	1	16	032a3a90	032a3a90	-	0	0
378	1	212	0022c5c8	0022c5c8	-	0	0
379	1	700	00228e64	00228e64	-	0	0
380	1	8	00612268	00612268	-	0	0
381	1	700	0022a964	0022a964	-	0	0
382	1	336	0069123c	0069123c	-	0	0
383	1	16	00580c3c	00580c3c	-	0	0
384	1	364	00509174	00509174	-	0	0
385	1	700	00227364	00227364	-	0	0
386	1	124	001a88a0	001a88a0	-	0	0
387	1	16	032a31f0	032a31f0	-	0	0
388	1	88	02e179ac	02e179ac	-	0	0
389	1	700	002265e4	002265e4	-	0	0
390	1	108	001a8a84	001a8a84	-	0	0
391	1	204	000504d0	000504d0	-	0	0
392	1	336	005f5f38	005f5f38	-	0	0
