# Functions whose instructions load the game hash offset basis 0xcbf29ce484222645 (movz/movk), i.e. compute or seed the engine name hash. owner = D2 library family or GAME-SIDE; cluster = D3 cluster for game-side.
function_id	owner	cluster_id
007a6cac	GAME-SIDE	1
007a718c	GAME-SIDE	12
007a72b8	GAME-SIDE	12
007b2b3c	GAME-SIDE	12
007c1d38	GAME-SIDE	12
0082b6c4	GAME-SIDE	12
0082f04c	GAME-SIDE	12
008307e8	GAME-SIDE	12
00831848	GAME-SIDE	12
008318d0	GAME-SIDE	12
00833374	GAME-SIDE	12
008454d8	GAME-SIDE	12
00845758	GAME-SIDE	12
0084f8f8	GAME-SIDE	12
0085b178	GAME-SIDE	248
00882eb0	GAME-SIDE	8
008896f4	GAME-SIDE	8
0088e648	GAME-SIDE	110
008911c8	GAME-SIDE	0
00896f94	GAME-SIDE	0
0089cba0	GAME-SIDE	0
0089e108	GAME-SIDE	12
0089e4e8	GAME-SIDE	12
0089e8c8	GAME-SIDE	12
0089eca4	GAME-SIDE	12
0089feac	GAME-SIDE	12
008a14bc	GAME-SIDE	12
008a27ac	GAME-SIDE	12
008a2b7c	GAME-SIDE	12
008a5a0c	GAME-SIDE	12
008a6084	GAME-SIDE	12
008ae264	GAME-SIDE	0
008b9e2c	GAME-SIDE	0
008c3950	GAME-SIDE	118
008c70cc	GAME-SIDE	0
008d4f78	GAME-SIDE	22
008e0b54	GAME-SIDE	8
008e1ca0	GAME-SIDE	8
008e2950	GAME-SIDE	8
0092533c	GAME-SIDE	15
00925f54	GAME-SIDE	15
00928d60	GAME-SIDE	15
00929c90	GAME-SIDE	15
0092e5b4	GAME-SIDE	15
00931d0c	GAME-SIDE	15
00932a14	GAME-SIDE	15
009366ac	GAME-SIDE	15
0093eed0	GAME-SIDE	15
0093fc7c	GAME-SIDE	15
00941c08	GAME-SIDE	15
00942708	GAME-SIDE	15
0094df6c	GAME-SIDE	15
0094ebdc	GAME-SIDE	15
00980520	GAME-SIDE	42
00988f6c	GAME-SIDE	42
0098a56c	GAME-SIDE	42
0098c2fc	GAME-SIDE	42
0099534c	GAME-SIDE	0
009aa1a8	GAME-SIDE	0
009ad67c	GAME-SIDE	8
009ad854	GAME-SIDE	8
009ad91c	GAME-SIDE	8
009e676c	GAME-SIDE	0
009eba88	GAME-SIDE	273
009ebdec	GAME-SIDE	273
009ec2fc	GAME-SIDE	0
009ec75c	GAME-SIDE	0
009ec7bc	GAME-SIDE	0
009fb6f0	GAME-SIDE	0
00a08f64	GAME-SIDE	0
00a1bca4	GAME-SIDE	0
00a1e3bc	GAME-SIDE	21
00a1e670	GAME-SIDE	21
00a1eaf8	GAME-SIDE	30
00a1eca0	GAME-SIDE	30
00a1fbdc	GAME-SIDE	30
00a24298	GAME-SIDE	59
00a52204	GAME-SIDE	30
00a52950	GAME-SIDE	30
00a6930c	GAME-SIDE	4
00a694c4	GAME-SIDE	4
00a7083c	GAME-SIDE	8
00a725cc	GAME-SIDE	8
00a75ff4	GAME-SIDE	8
00a77258	GAME-SIDE	8
00a77f5c	GAME-SIDE	8
00a7eed4	GAME-SIDE	8
00a80650	GAME-SIDE	8
00a80e4c	GAME-SIDE	8
00a821b4	GAME-SIDE	8
00a8264c	GAME-SIDE	8
00a82c18	GAME-SIDE	8
00a84a44	GAME-SIDE	8
00a85488	GAME-SIDE	8
00a8594c	GAME-SIDE	4
00a85b34	GAME-SIDE	4
00a8876c	GAME-SIDE	4
00a8a49c	GAME-SIDE	4
00a8b2e0	GAME-SIDE	4
00a8b4c0	GAME-SIDE	4
00a8ddbc	GAME-SIDE	4
00a8e24c	GAME-SIDE	4
00a8eb70	GAME-SIDE	4
00a909c8	GAME-SIDE	4
00a90c90	GAME-SIDE	4
00a91ec0	GAME-SIDE	4
00a92144	GAME-SIDE	4
00a924a8	GAME-SIDE	4
00a9272c	GAME-SIDE	4
00aa3420	GAME-SIDE	4
00aa7560	GAME-SIDE	34
00aa79cc	GAME-SIDE	4
00aa8988	GAME-SIDE	0
00aae688	GAME-SIDE	4
00aaf454	GAME-SIDE	4
00ab01bc	GAME-SIDE	4
00ab2130	GAME-SIDE	4
00ab2284	GAME-SIDE	4
00ab23d8	GAME-SIDE	4
00ab252c	GAME-SIDE	4
00ab2680	GAME-SIDE	4
00ab27d8	GAME-SIDE	4
00ab2bdc	GAME-SIDE	4
00ab2fe8	GAME-SIDE	4
00ab313c	GAME-SIDE	4
00ab3290	GAME-SIDE	4
00ab351c	GAME-SIDE	4
00ab366c	GAME-SIDE	4
00ab3908	GAME-SIDE	4
00ab3fc8	GAME-SIDE	4
00ab43d0	GAME-SIDE	4
00ab47cc	GAME-SIDE	4
00ab4920	GAME-SIDE	4
00ab4f5c	GAME-SIDE	4
00ab529c	GAME-SIDE	4
00ab546c	GAME-SIDE	4
00ab57ec	GAME-SIDE	4
00ab60f4	GAME-SIDE	4
00ab6368	GAME-SIDE	4
00abe930	GAME-SIDE	136
00abf964	GAME-SIDE	0
00ac0a2c	GAME-SIDE	0
00acc2fc	GAME-SIDE	4
00acd88c	GAME-SIDE	0
00acfee8	GAME-SIDE	224
00ad32e0	GAME-SIDE	0
00ad3bdc	GAME-SIDE	92
00ad4504	GAME-SIDE	92
00ad5214	GAME-SIDE	0
00ad9914	GAME-SIDE	0
00ada628	GAME-SIDE	0
00add4bc	GAME-SIDE	0
00adfc18	GAME-SIDE	92
00adfe48	GAME-SIDE	0
00aed3ac	GAME-SIDE	4
00aee974	GAME-SIDE	0
00af64b4	GAME-SIDE	0
00af702c	GAME-SIDE	0
00afd384	GAME-SIDE	0
00afe204	GAME-SIDE	0
00b08c8c	GAME-SIDE	92
00b093e0	GAME-SIDE	92
00b09598	GAME-SIDE	92
00b09900	GAME-SIDE	92
00b09ad8	GAME-SIDE	92
00b09c80	GAME-SIDE	92
00b09dfc	GAME-SIDE	92
00b09f78	GAME-SIDE	92
00b0a0f0	GAME-SIDE	92
00b0a268	GAME-SIDE	92
00b0a42c	GAME-SIDE	92
00b0a5b4	GAME-SIDE	92
00b0a8a0	GAME-SIDE	92
00b0aa18	GAME-SIDE	92
00b0ab94	GAME-SIDE	92
00b0b060	GAME-SIDE	92
00b0b1e4	GAME-SIDE	92
00b0b368	GAME-SIDE	92
00b0b66c	GAME-SIDE	92
00b0b95c	GAME-SIDE	92
00b0be74	GAME-SIDE	92
00b0c330	GAME-SIDE	92
00b0c7c4	GAME-SIDE	92
00b0c96c	GAME-SIDE	92
00b0d330	GAME-SIDE	92
00b0d4e4	GAME-SIDE	92
00b0d65c	GAME-SIDE	92
00b0d7d4	GAME-SIDE	92
00b0dab0	GAME-SIDE	92
00b0dd8c	GAME-SIDE	92
00b0df40	GAME-SIDE	92
00b0f76c	GAME-SIDE	92
00b0f924	GAME-SIDE	92
00b0faa4	GAME-SIDE	92
00b0fc38	GAME-SIDE	92
00b10138	GAME-SIDE	92
00b10a08	GAME-SIDE	92
00b111cc	GAME-SIDE	92
00b11368	GAME-SIDE	92
00b11e70	GAME-SIDE	92
00b12278	GAME-SIDE	92
00b12af4	GAME-SIDE	92
00b12c50	GAME-SIDE	92
00b1318c	GAME-SIDE	92
00b131f4	GAME-SIDE	92
00b1335c	GAME-SIDE	92
00b134bc	GAME-SIDE	92
00b13628	GAME-SIDE	92
00b13780	GAME-SIDE	92
00b13a28	GAME-SIDE	92
00b13b84	GAME-SIDE	92
00b13cf0	GAME-SIDE	92
00b13e54	GAME-SIDE	92
00b14104	GAME-SIDE	92
00b14654	GAME-SIDE	92
00b14b1c	GAME-SIDE	92
00b14de4	GAME-SIDE	92
00b15338	GAME-SIDE	92
00b15b38	GAME-SIDE	92
00b15de4	GAME-SIDE	92
00b16330	GAME-SIDE	92
00b164e4	GAME-SIDE	92
00b165b4	GAME-SIDE	92
00b17b5c	GAME-SIDE	92
00b17f44	GAME-SIDE	92
00b18468	GAME-SIDE	92
00b18510	GAME-SIDE	92
00b18668	GAME-SIDE	92
00b18928	GAME-SIDE	92
00b18a18	GAME-SIDE	92
00b18b74	GAME-SIDE	92
00b18e24	GAME-SIDE	92
00b1ca3c	GAME-SIDE	136
00b25f28	GAME-SIDE	0
00b375ec	GAME-SIDE	4
00b37e24	GAME-SIDE	4
00b383dc	GAME-SIDE	4
00b38fac	GAME-SIDE	4
00b3a4a8	GAME-SIDE	4
00b3b334	GAME-SIDE	4
00b3b51c	GAME-SIDE	4
00b3bcd4	GAME-SIDE	4
00b3e354	GAME-SIDE	4
00b40278	GAME-SIDE	4
00b450b8	GAME-SIDE	195
00b45520	GAME-SIDE	195
00b46350	GAME-SIDE	4
00b46f14	GAME-SIDE	4
00b4c698	GAME-SIDE	4
00b4cc70	GAME-SIDE	4
00b4e358	GAME-SIDE	4
00b4e998	GAME-SIDE	4
00b4efc8	GAME-SIDE	4
00b51ad0	GAME-SIDE	77
00b56174	GAME-SIDE	4
00b5672c	GAME-SIDE	4
00b570b8	GAME-SIDE	4
00b57290	GAME-SIDE	4
00b57ae0	GAME-SIDE	0
00b57e58	GAME-SIDE	4
00b59e8c	GAME-SIDE	4
00b5d3f4	GAME-SIDE	4
00b5e670	GAME-SIDE	4
00b5e850	GAME-SIDE	0
00b60558	GAME-SIDE	0
00b639a0	GAME-SIDE	0
00b734e4	GAME-SIDE	4
00b75a10	GAME-SIDE	4
00b75b64	GAME-SIDE	4
00b75cb8	GAME-SIDE	4
00b75e0c	GAME-SIDE	4
00b75f5c	GAME-SIDE	4
00b760ec	GAME-SIDE	4
00b7623c	GAME-SIDE	4
00b7638c	GAME-SIDE	4
00b767d0	GAME-SIDE	4
00b7695c	GAME-SIDE	4
00b76aac	GAME-SIDE	4
00b76bfc	GAME-SIDE	4
00b76d58	GAME-SIDE	4
00b76eb4	GAME-SIDE	4
00b77008	GAME-SIDE	4
00b77158	GAME-SIDE	4
00b772e4	GAME-SIDE	4
00b77440	GAME-SIDE	4
00b775a0	GAME-SIDE	4
00b776f0	GAME-SIDE	4
00b77840	GAME-SIDE	4
00b77990	GAME-SIDE	4
00b77ae4	GAME-SIDE	4
00b77c38	GAME-SIDE	4
00b77d8c	GAME-SIDE	4
00b77ee4	GAME-SIDE	4
00b78174	GAME-SIDE	4
00b78544	GAME-SIDE	4
00b78694	GAME-SIDE	4
00b7894c	GAME-SIDE	4
00b78aa0	GAME-SIDE	4
00b78c70	GAME-SIDE	4
00b78dc0	GAME-SIDE	4
00b78f8c	GAME-SIDE	4
00b79254	GAME-SIDE	4
00b793e0	GAME-SIDE	4
00b79530	GAME-SIDE	4
00b796c0	GAME-SIDE	4
00b79814	GAME-SIDE	4
00b79968	GAME-SIDE	4
00b79abc	GAME-SIDE	4
00b79c4c	GAME-SIDE	4
00b79dac	GAME-SIDE	4
00b79f0c	GAME-SIDE	4
00b7a068	GAME-SIDE	4
00b7a1b8	GAME-SIDE	4
00b7a538	GAME-SIDE	4
00b7a7c4	GAME-SIDE	4
00b7a918	GAME-SIDE	4
00b7ae10	GAME-SIDE	4
00b7af9c	GAME-SIDE	4
00b7b0f4	GAME-SIDE	4
00b7b2bc	GAME-SIDE	4
00b7b414	GAME-SIDE	4
00b7b564	GAME-SIDE	4
00b7b6b4	GAME-SIDE	4
00b7c26c	GAME-SIDE	4
00b7c770	GAME-SIDE	4
00b7ca3c	GAME-SIDE	4
00b7cb8c	GAME-SIDE	4
00b7cd58	GAME-SIDE	4
00b7cea8	GAME-SIDE	4
00b7cff8	GAME-SIDE	4
00b7d148	GAME-SIDE	4
00b7d298	GAME-SIDE	4
00b7d428	GAME-SIDE	4
00b7d58c	GAME-SIDE	4
00b7d6dc	GAME-SIDE	4
00b7d83c	GAME-SIDE	4
00b7d99c	GAME-SIDE	4
00b7daec	GAME-SIDE	4
00b7dcb4	GAME-SIDE	4
00b7de08	GAME-SIDE	4
00b7df5c	GAME-SIDE	4
00b7e0b4	GAME-SIDE	4
00b7e494	GAME-SIDE	4
00b7e5e4	GAME-SIDE	4
00b7e7b0	GAME-SIDE	4
00b7ed9c	GAME-SIDE	4
00b7ef2c	GAME-SIDE	4
00b7f080	GAME-SIDE	4
00b7f214	GAME-SIDE	4
00b7f36c	GAME-SIDE	4
00b7f814	GAME-SIDE	4
00b7f964	GAME-SIDE	4
00b7fabc	GAME-SIDE	4
00b80478	GAME-SIDE	4
00b8a070	GAME-SIDE	4
00b8a3cc	GAME-SIDE	4
00b8a6d8	GAME-SIDE	4
00b8a9e4	GAME-SIDE	4
00b8f0dc	GAME-SIDE	4
00b8f2c4	GAME-SIDE	4
00b95354	GAME-SIDE	4
00b98628	GAME-SIDE	4
00b98e3c	GAME-SIDE	4
00b9ade4	GAME-SIDE	4
00b9b9a4	GAME-SIDE	4
00b9c050	GAME-SIDE	4
00ba6160	GAME-SIDE	4
00ba8338	GAME-SIDE	4
00ba8704	GAME-SIDE	4
00ba8ae8	GAME-SIDE	4
00ba99e4	GAME-SIDE	4
00baa73c	GAME-SIDE	4
00baaec4	GAME-SIDE	4
00bb77e0	GAME-SIDE	4
00bb79b4	GAME-SIDE	0
00bba030	GAME-SIDE	4
00bbb548	GAME-SIDE	4
00bbbc38	GAME-SIDE	4
00bbc2e0	GAME-SIDE	4
00bbf2a0	GAME-SIDE	96
00bc0828	GAME-SIDE	96
00bc2be0	GAME-SIDE	0
00bc4e98	GAME-SIDE	4
00bc59d4	GAME-SIDE	4
00bca560	GAME-SIDE	4
00bcbc24	GAME-SIDE	0
00bcd570	GAME-SIDE	4
00bcd8c4	GAME-SIDE	4
00bcdb74	GAME-SIDE	4
00bcde30	GAME-SIDE	4
00bce0e0	GAME-SIDE	4
00bce2bc	GAME-SIDE	0
00bcfa3c	GAME-SIDE	0
00bd0d28	GAME-SIDE	4
00bd1324	GAME-SIDE	4
00bd1838	GAME-SIDE	4
00bd3208	GAME-SIDE	4
00bd3ba4	GAME-SIDE	4
00bd49b0	GAME-SIDE	4
00bd49dc	GAME-SIDE	4
00bda05c	GAME-SIDE	0
00bdfc0c	GAME-SIDE	136
00bdfd34	GAME-SIDE	136
00bdfe9c	GAME-SIDE	136
00be2ac8	GAME-SIDE	77
00be69e0	GAME-SIDE	77
00be726c	GAME-SIDE	77
00be77e8	GAME-SIDE	77
00beca5c	GAME-SIDE	96
00beced0	GAME-SIDE	96
00bf4858	GAME-SIDE	0
00bf4ce8	GAME-SIDE	0
00c021ec	GAME-SIDE	77
00c047f8	GAME-SIDE	136
00c0dd60	GAME-SIDE	0
00c0de78	GAME-SIDE	0
00c13224	GAME-SIDE	1
00c18bd0	GAME-SIDE	3
00c20348	GAME-SIDE	3
00c2ded4	GAME-SIDE	1
00c2df9c	GAME-SIDE	1
00c2e228	GAME-SIDE	1
00c2e2f0	GAME-SIDE	7
00c2e51c	GAME-SIDE	1
00c2e5dc	GAME-SIDE	1
00c2e81c	GAME-SIDE	1
00c2eb20	GAME-SIDE	1
00c37d1c	GAME-SIDE	3
00c408b8	GAME-SIDE	3
00c459d4	GAME-SIDE	3
00c46118	GAME-SIDE	3
00c4cd30	GAME-SIDE	1
00c4cf20	GAME-SIDE	1
00c4d3fc	GAME-SIDE	1
00c53568	GAME-SIDE	1
00c54178	GAME-SIDE	1
00c54928	GAME-SIDE	1
00c584e0	GAME-SIDE	1
00c5e360	GAME-SIDE	1
00c607c4	GAME-SIDE	1
00c60fc0	GAME-SIDE	1
00c63d28	GAME-SIDE	1
00c64b94	GAME-SIDE	1
00c68d74	GAME-SIDE	90
00c6c2c0	GAME-SIDE	1
00c6e914	GAME-SIDE	83
00c6eb20	GAME-SIDE	83
00c6ebfc	GAME-SIDE	83
00c6f670	GAME-SIDE	83
00c7091c	GAME-SIDE	83
00c70e40	GAME-SIDE	83
00c73f50	GAME-SIDE	1
00c75290	GAME-SIDE	1
00c76df8	GAME-SIDE	139
00ca1be0	GAME-SIDE	30
00ca1d88	GAME-SIDE	30
00ca539c	GAME-SIDE	30
00ca5f18	GAME-SIDE	36
00caf73c	GAME-SIDE	21
00cafd64	GAME-SIDE	21
00cb0b58	GAME-SIDE	21
00cb0eb8	GAME-SIDE	21
00cb1124	GAME-SIDE	21
00cb134c	GAME-SIDE	21
00cb1574	GAME-SIDE	21
00cb3830	GAME-SIDE	21
00cb5af8	GAME-SIDE	21
00cb5da4	GAME-SIDE	21
00ceb660	GAME-SIDE	47
00cebaf0	GAME-SIDE	47
00cebec4	GAME-SIDE	47
00cec0b0	GAME-SIDE	47
00cec4d4	GAME-SIDE	47
00cec6d4	GAME-SIDE	47
00d1c7a8	GAME-SIDE	51
00d8aedc	GAME-SIDE	114
00d8b090	GAME-SIDE	114
00d8b0e4	GAME-SIDE	114
00d8b298	GAME-SIDE	114
00d8e17c	GAME-SIDE	7
00d91b10	GAME-SIDE	29
00d9439c	GAME-SIDE	1
00d947f8	GAME-SIDE	22
00d94ab8	GAME-SIDE	22
00d94cb0	GAME-SIDE	22
00d94e90	GAME-SIDE	22
00d9de18	GAME-SIDE	13
00d9e314	GAME-SIDE	0
00d9e8dc	GAME-SIDE	139
00d9ede4	GAME-SIDE	139
00d9f2d0	GAME-SIDE	13
00d9f7a4	GAME-SIDE	13
00d9fcb8	GAME-SIDE	13
00da3068	GAME-SIDE	13
00da3260	GAME-SIDE	0
00da3700	GAME-SIDE	51
00da3a94	GAME-SIDE	51
00da4294	GAME-SIDE	139
00da4568	GAME-SIDE	139
00da4a38	GAME-SIDE	139
00da5000	GAME-SIDE	139
00da54d0	GAME-SIDE	139
00da59a0	GAME-SIDE	139
00da5e70	GAME-SIDE	139
00da6340	GAME-SIDE	139
00e59284	GAME-SIDE	152
00e6af1c	GAME-SIDE	24
00e6ea30	GAME-SIDE	24
00e6ed28	GAME-SIDE	24
00e6efdc	GAME-SIDE	24
00e6f25c	GAME-SIDE	24
00e6f42c	GAME-SIDE	24
00e81f80	GAME-SIDE	24
00e883dc	GAME-SIDE	24
00e8863c	GAME-SIDE	24
00e8889c	GAME-SIDE	24
00e88afc	GAME-SIDE	24
00e94460	GAME-SIDE	91
00e94810	GAME-SIDE	91
00e94b00	GAME-SIDE	91
00e94df0	GAME-SIDE	91
00ea1938	GAME-SIDE	20
00ea5944	GAME-SIDE	51
00ea5be4	GAME-SIDE	51
00ec96bc	GAME-SIDE	20
00ecb678	GAME-SIDE	20
00f39cf0	GAME-SIDE	94
00f39ff4	GAME-SIDE	94
00f3a7bc	GAME-SIDE	94
00f3aad0	GAME-SIDE	94
00f3af40	GAME-SIDE	94
00f41588	GAME-SIDE	41
00f86e24	GAME-SIDE	30
00f8703c	GAME-SIDE	30
00f8c04c	GAME-SIDE	34
00f8c26c	GAME-SIDE	0
00f8c3a8	GAME-SIDE	0
00f8c59c	GAME-SIDE	0
00f8c6d8	GAME-SIDE	0
00f8cb18	GAME-SIDE	0
00f8cd10	GAME-SIDE	0
00f8d22c	GAME-SIDE	0
00f8d5c0	GAME-SIDE	0
00f8d70c	GAME-SIDE	0
00f8d8b8	GAME-SIDE	0
00f8da48	GAME-SIDE	0
00f8db94	GAME-SIDE	0
00f8dcd0	GAME-SIDE	0
00f8de64	GAME-SIDE	0
00f8dfa0	GAME-SIDE	0
00f8e1fc	GAME-SIDE	0
00f8e348	GAME-SIDE	0
00f8e484	GAME-SIDE	0
00f8e604	GAME-SIDE	0
00f8e750	GAME-SIDE	0
00f8e89c	GAME-SIDE	0
00f8e9d8	GAME-SIDE	0
00f8ec98	GAME-SIDE	0
00f90e30	GAME-SIDE	22
00f91730	GAME-SIDE	1
00f924e0	GAME-SIDE	0
00f96640	GAME-SIDE	88
00fa0a80	GAME-SIDE	1
00fa53bc	GAME-SIDE	30
00fab4fc	GAME-SIDE	0
00fc4b50	GAME-SIDE	1
00fcae4c	GAME-SIDE	1
00fcbb18	GAME-SIDE	11
00fef02c	GAME-SIDE	17
00fef0bc	GAME-SIDE	17
00fef990	GAME-SIDE	17
00fefcac	GAME-SIDE	17
00ff93a0	GAME-SIDE	17
00ff9bf8	GAME-SIDE	17
00ffa4e0	GAME-SIDE	17
01000cd8	GAME-SIDE	17
010018d0	GAME-SIDE	17
01001cec	GAME-SIDE	17
01002b54	GAME-SIDE	0
01002c4c	GAME-SIDE	0
01003518	GAME-SIDE	0
010037c4	GAME-SIDE	0
010039f0	GAME-SIDE	0
010051b8	GAME-SIDE	17
01005808	GAME-SIDE	17
01006b34	GAME-SIDE	17
01015664	GAME-SIDE	17
010156d8	GAME-SIDE	17
01015c58	GAME-SIDE	17
010162b0	GAME-SIDE	17
0101aec8	GAME-SIDE	17
0101b450	GAME-SIDE	21
01025c88	GAME-SIDE	17
010265b4	GAME-SIDE	17
01027084	GAME-SIDE	0
01027534	GAME-SIDE	0
010277bc	GAME-SIDE	0
0102eff0	GAME-SIDE	37
0102f528	GAME-SIDE	37
01030984	GAME-SIDE	37
0103442c	GAME-SIDE	37
010357f8	GAME-SIDE	37
01035d40	GAME-SIDE	0
01035e5c	GAME-SIDE	37
010360a0	GAME-SIDE	37
010364c8	GAME-SIDE	37
010392ec	GAME-SIDE	17
0103983c	GAME-SIDE	17
01039b08	GAME-SIDE	17
0103a36c	GAME-SIDE	17
0103b9fc	GAME-SIDE	17
0103d58c	GAME-SIDE	17
010405e0	GAME-SIDE	17
0104099c	GAME-SIDE	17
01044450	GAME-SIDE	10
0104b9ec	GAME-SIDE	17
0104cd80	GAME-SIDE	17
0104e6e0	GAME-SIDE	8
01050e00	GAME-SIDE	176
0105f2b0	GAME-SIDE	3
0108399c	GAME-SIDE	178
0108b018	GAME-SIDE	3
0108c1f0	GAME-SIDE	3
01094d6c	GAME-SIDE	1
010971d0	GAME-SIDE	1
0109af04	GAME-SIDE	1
0109c6a8	GAME-SIDE	1
010a4f04	GAME-SIDE	1
010b2cf4	GAME-SIDE	90
010c0c44	GAME-SIDE	1
010c2d70	GAME-SIDE	1
010cb8cc	GAME-SIDE	1
010ccc18	GAME-SIDE	1
010ccdd0	GAME-SIDE	1
010cd0f4	GAME-SIDE	1
010ce40c	GAME-SIDE	1
010d7224	GAME-SIDE	1
010d8088	GAME-SIDE	1
010dfe74	GAME-SIDE	3
010e1dfc	GAME-SIDE	3
010e4f34	GAME-SIDE	1
010e7868	GAME-SIDE	1
010ed508	GAME-SIDE	3
010eec90	GAME-SIDE	90
010f25e8	GAME-SIDE	11
010f5218	GAME-SIDE	11
010f7720	GAME-SIDE	11
011050f8	GAME-SIDE	1
01111968	GAME-SIDE	1
01112644	GAME-SIDE	1
0111632c	GAME-SIDE	1
01128e10	GAME-SIDE	3
0112e3b0	GAME-SIDE	89
01133a1c	GAME-SIDE	21
01133a98	GAME-SIDE	21
011345dc	GAME-SIDE	21
01134864	GAME-SIDE	21
01134aec	GAME-SIDE	21
01134ccc	GAME-SIDE	21
011354f8	GAME-SIDE	21
011357c8	GAME-SIDE	21
01135acc	GAME-SIDE	21
01137ba0	GAME-SIDE	21
0113801c	GAME-SIDE	21
01138a74	GAME-SIDE	21
01138e4c	GAME-SIDE	21
01140348	GAME-SIDE	3
0114062c	GAME-SIDE	3
01146d68	GAME-SIDE	21
01146f48	GAME-SIDE	21
011483d4	GAME-SIDE	1
0114b448	GAME-SIDE	21
01150078	GAME-SIDE	21
01152140	GAME-SIDE	21
01154964	GAME-SIDE	21
0115771c	GAME-SIDE	21
0115a874	GAME-SIDE	0
0115f6e8	GAME-SIDE	3
01162bb4	GAME-SIDE	21
01163a30	GAME-SIDE	21
0116bff0	GAME-SIDE	21
0116c79c	GAME-SIDE	1
0116ea34	GAME-SIDE	1
0116fafc	GAME-SIDE	21
0117118c	GAME-SIDE	21
01171e14	GAME-SIDE	21
011721d8	GAME-SIDE	21
01173d2c	GAME-SIDE	3
01180818	GAME-SIDE	3
01183cc4	GAME-SIDE	1
011842f8	GAME-SIDE	1
011858e0	GAME-SIDE	1
01186fd4	GAME-SIDE	1
0118754c	GAME-SIDE	1
01188d1c	GAME-SIDE	1
0118a24c	GAME-SIDE	1
011932a8	GAME-SIDE	3
0119d93c	GAME-SIDE	1
0119e004	GAME-SIDE	1
0119f180	GAME-SIDE	102
011f5018	GAME-SIDE	3
011f7af0	GAME-SIDE	1
011f823c	GAME-SIDE	1
011fa5a8	GAME-SIDE	1
011faa4c	GAME-SIDE	1
011fd3b8	GAME-SIDE	1
01205e54	GAME-SIDE	7
01206260	GAME-SIDE	7
01206bbc	GAME-SIDE	7
01207a60	GAME-SIDE	7
012085c0	GAME-SIDE	7
012107b8	GAME-SIDE	7
012110b0	GAME-SIDE	7
01211260	GAME-SIDE	7
01217b74	GAME-SIDE	7
01221e58	GAME-SIDE	7
01228570	GAME-SIDE	7
01232a30	GAME-SIDE	7
0123a57c	GAME-SIDE	7
0123b01c	GAME-SIDE	7
0123b594	GAME-SIDE	7
0123d308	GAME-SIDE	7
01241444	GAME-SIDE	7
0124732c	GAME-SIDE	7
0124a394	GAME-SIDE	7
0124b5a0	GAME-SIDE	7
0124c7e8	GAME-SIDE	7
0124f008	GAME-SIDE	0
01250834	GAME-SIDE	0
0125213c	GAME-SIDE	0
01252fe4	GAME-SIDE	0
01255720	GAME-SIDE	0
0125b33c	GAME-SIDE	0
0125eb8c	GAME-SIDE	21
0125efcc	GAME-SIDE	21
0125f3b4	GAME-SIDE	21
0125ff60	GAME-SIDE	21
01260188	GAME-SIDE	21
0126314c	GAME-SIDE	0
012705f8	GAME-SIDE	7
012786ac	GAME-SIDE	7
0127b230	GAME-SIDE	7
0127c574	GAME-SIDE	7
0127cbc0	GAME-SIDE	7
0127d9f0	GAME-SIDE	7
0127e5f0	GAME-SIDE	7
0127ea50	GAME-SIDE	7
0127edb0	GAME-SIDE	7
0127f220	GAME-SIDE	7
0127f5a0	GAME-SIDE	7
0127fb8c	GAME-SIDE	7
0127fc60	GAME-SIDE	7
012816d0	GAME-SIDE	7
01288db0	GAME-SIDE	3
0128fb2c	GAME-SIDE	0
0129a0d0	GAME-SIDE	11
0129a1f4	GAME-SIDE	11
012bcac0	GAME-SIDE	1
012cb03c	GAME-SIDE	1
012d06b0	GAME-SIDE	3
012d0a8c	GAME-SIDE	3
012d0f3c	GAME-SIDE	3
012d6858	GAME-SIDE	3
012ef754	GAME-SIDE	37
012f2834	GAME-SIDE	37
012f4074	GAME-SIDE	37
012f5e5c	GAME-SIDE	37
012fc234	GAME-SIDE	37
012fe320	GAME-SIDE	37
01301658	GAME-SIDE	37
01307c2c	GAME-SIDE	7
013085c8	GAME-SIDE	7
0130ac74	GAME-SIDE	7
0130c404	GAME-SIDE	37
0130c960	GAME-SIDE	37
0130cd14	GAME-SIDE	37
0131081c	GAME-SIDE	37
01311254	GAME-SIDE	37
0131221c	GAME-SIDE	37
0131308c	GAME-SIDE	37
01314fac	GAME-SIDE	3
01315de0	GAME-SIDE	3
01320008	GAME-SIDE	1
01321d9c	GAME-SIDE	1
013223e4	GAME-SIDE	1
0132bad0	GAME-SIDE	1
0132f078	GAME-SIDE	1
01332d1c	GAME-SIDE	33
01335150	GAME-SIDE	33
01335460	GAME-SIDE	33
0133ac78	GAME-SIDE	1
0133c574	GAME-SIDE	108
0133e310	GAME-SIDE	108
0133fa6c	GAME-SIDE	108
013404cc	GAME-SIDE	108
0134d6e0	GAME-SIDE	21
0134ed44	GAME-SIDE	1
01354dd8	GAME-SIDE	11
01356030	GAME-SIDE	1
01357d8c	GAME-SIDE	1
0135b0c8	GAME-SIDE	33
0135c9cc	GAME-SIDE	33
0135dc7c	GAME-SIDE	33
0135e5d0	GAME-SIDE	33
013612cc	GAME-SIDE	33
01361780	GAME-SIDE	33
01367b34	GAME-SIDE	33
01367df4	GAME-SIDE	33
01367f18	GAME-SIDE	33
01368650	GAME-SIDE	33
01368f64	GAME-SIDE	33
01369138	GAME-SIDE	33
0136a220	GAME-SIDE	33
0136c0b4	GAME-SIDE	3
0136dd98	GAME-SIDE	3
01372418	GAME-SIDE	33
01372b10	GAME-SIDE	7
01373eb0	GAME-SIDE	7
01374048	GAME-SIDE	7
013743c8	GAME-SIDE	33
013745fc	GAME-SIDE	33
01374838	GAME-SIDE	33
01374980	GAME-SIDE	33
0137628c	GAME-SIDE	33
0137b558	GAME-SIDE	33
0137bb28	GAME-SIDE	33
0137c390	GAME-SIDE	33
0137d054	GAME-SIDE	33
0137d3a0	GAME-SIDE	33
0137f78c	GAME-SIDE	33
0137f9a0	GAME-SIDE	33
0137fa74	GAME-SIDE	33
01382c58	GAME-SIDE	33
0138924c	GAME-SIDE	33
0138d5e0	GAME-SIDE	33
0138d9e8	GAME-SIDE	33
0138db64	GAME-SIDE	33
013964f4	GAME-SIDE	114
013995d0	GAME-SIDE	0
013a1978	GAME-SIDE	142
013a4964	GAME-SIDE	1
013a6194	GAME-SIDE	1
013aa3d4	GAME-SIDE	83
013abfd4	GAME-SIDE	83
013b2ecc	GAME-SIDE	3
013b46a4	GAME-SIDE	22
013b7704	GAME-SIDE	1
013bb908	GAME-SIDE	3
013bc9d4	GAME-SIDE	3
013bd508	GAME-SIDE	1
013bec20	GAME-SIDE	1
013c2afc	GAME-SIDE	1
013c9174	GAME-SIDE	83
013cdbec	GAME-SIDE	83
013cdda0	GAME-SIDE	83
013cf210	GAME-SIDE	83
013d2814	GAME-SIDE	0
013dfcb8	GAME-SIDE	0
013ea018	GAME-SIDE	1
013eca0c	GAME-SIDE	1
013efa0c	GAME-SIDE	1
013f21d4	GAME-SIDE	1
013f5ce0	GAME-SIDE	1
013f7bb8	GAME-SIDE	1
013f8c80	GAME-SIDE	1
013fd5d4	GAME-SIDE	1
01402a80	GAME-SIDE	151
014039b4	GAME-SIDE	1
0140421c	GAME-SIDE	1
01406af0	GAME-SIDE	1
0140fed0	GAME-SIDE	1
01410a3c	GAME-SIDE	0
014117c8	GAME-SIDE	0
01411e54	GAME-SIDE	0
01413130	GAME-SIDE	0
01414928	GAME-SIDE	0
01415538	GAME-SIDE	0
01421140	GAME-SIDE	138
014235a8	GAME-SIDE	138
01424fd8	GAME-SIDE	0
0142613c	GAME-SIDE	70
01427a8c	GAME-SIDE	28
01427cd4	GAME-SIDE	0
01433758	GAME-SIDE	0
01438fac	GAME-SIDE	70
0143b0d0	GAME-SIDE	28
0143de8c	GAME-SIDE	28
0143e2f4	GAME-SIDE	28
0143fb60	GAME-SIDE	28
014400a0	GAME-SIDE	28
01440ec4	GAME-SIDE	28
014416d4	GAME-SIDE	28
01441df8	GAME-SIDE	28
01442294	GAME-SIDE	28
014425a0	GAME-SIDE	28
01442684	GAME-SIDE	28
01442834	GAME-SIDE	28
01442ba8	GAME-SIDE	28
01442c8c	GAME-SIDE	28
01443b90	GAME-SIDE	28
0144480c	GAME-SIDE	28
01444b20	GAME-SIDE	28
01444d84	GAME-SIDE	28
014451c8	GAME-SIDE	28
01445544	GAME-SIDE	28
01445704	GAME-SIDE	28
01445d24	GAME-SIDE	28
01446464	GAME-SIDE	28
01446aa8	GAME-SIDE	28
01446fe4	GAME-SIDE	28
0144b9f0	GAME-SIDE	28
0144bae4	GAME-SIDE	28
0144bbe8	GAME-SIDE	28
0144c00c	GAME-SIDE	28
0144db80	GAME-SIDE	22
0144ec38	GAME-SIDE	22
0144ee1c	GAME-SIDE	22
0144f408	GAME-SIDE	22
01450370	GAME-SIDE	22
0145053c	GAME-SIDE	22
01450a50	GAME-SIDE	22
01450ff0	GAME-SIDE	22
014510e4	GAME-SIDE	22
01451544	GAME-SIDE	22
01451650	GAME-SIDE	22
01451cac	GAME-SIDE	22
0145218c	GAME-SIDE	22
014522b8	GAME-SIDE	22
01452704	GAME-SIDE	22
014529f8	GAME-SIDE	22
01452cec	GAME-SIDE	22
014566e8	GAME-SIDE	0
01456d84	GAME-SIDE	0
0145745c	GAME-SIDE	0
01458300	GAME-SIDE	6
0145ac04	GAME-SIDE	45
0145e1c0	GAME-SIDE	6
0145e2f8	GAME-SIDE	6
0146cd5c	GAME-SIDE	45
0146e7b0	GAME-SIDE	45
01472610	GAME-SIDE	45
014732b4	GAME-SIDE	45
01473558	GAME-SIDE	45
014737e8	GAME-SIDE	45
01473a78	GAME-SIDE	45
01473d08	GAME-SIDE	45
01473f94	GAME-SIDE	45
01474220	GAME-SIDE	45
014744b0	GAME-SIDE	45
01474740	GAME-SIDE	45
014749cc	GAME-SIDE	45
01474c60	GAME-SIDE	45
01474ef4	GAME-SIDE	45
01475188	GAME-SIDE	45
0147541c	GAME-SIDE	45
014756f0	GAME-SIDE	45
014759c4	GAME-SIDE	45
01475c98	GAME-SIDE	45
014761ec	GAME-SIDE	45
01477e48	GAME-SIDE	45
0147b9b8	GAME-SIDE	45
01480c98	GAME-SIDE	138
01485c34	GAME-SIDE	6
01485cb0	GAME-SIDE	6
01485d28	GAME-SIDE	6
0148a8a4	GAME-SIDE	119
0148df98	GAME-SIDE	119
0148e708	GAME-SIDE	119
014978b8	GAME-SIDE	119
014979d0	GAME-SIDE	0
014dab38	GAME-SIDE	18
01508150	GAME-SIDE	120
01508764	GAME-SIDE	120
01509114	GAME-SIDE	120
0150a9e8	GAME-SIDE	21
0150ad3c	GAME-SIDE	7
0150b348	GAME-SIDE	7
0150b668	GAME-SIDE	7
0150b964	GAME-SIDE	7
0150bc8c	GAME-SIDE	7
0150bfac	GAME-SIDE	0
0150c35c	GAME-SIDE	7
0150c68c	GAME-SIDE	7
0150c8d4	GAME-SIDE	7
0150e554	GAME-SIDE	7
0150e81c	GAME-SIDE	7
0150eb04	GAME-SIDE	7
0150ee2c	GAME-SIDE	7
0150f13c	GAME-SIDE	7
01510af0	GAME-SIDE	58
01512258	GAME-SIDE	7
015132ac	GAME-SIDE	7
01513ae8	GAME-SIDE	7
01513e4c	GAME-SIDE	7
015142a4	GAME-SIDE	7
0151731c	GAME-SIDE	7
01517470	GAME-SIDE	7
015197bc	GAME-SIDE	0
0151b48c	GAME-SIDE	68
0151b620	GAME-SIDE	68
0151c6c4	GAME-SIDE	68
0155e198	GAME-SIDE	7
0155ff30	GAME-SIDE	0
015605fc	GAME-SIDE	7
01560e64	GAME-SIDE	7
01561140	GAME-SIDE	7
015681f0	GAME-SIDE	7
015698d0	GAME-SIDE	0
01569d90	GAME-SIDE	0
0156a280	GAME-SIDE	7
0156a974	GAME-SIDE	7
0156ab58	GAME-SIDE	7
0156ad3c	GAME-SIDE	7
0156b008	GAME-SIDE	0
0156b234	GAME-SIDE	237
0156b2fc	GAME-SIDE	237
0156b428	GAME-SIDE	237
0156b604	GAME-SIDE	0
0156d290	GAME-SIDE	7
0156da5c	GAME-SIDE	7
01573270	GAME-SIDE	0
01573410	GAME-SIDE	0
015737a0	GAME-SIDE	0
015745b0	GAME-SIDE	7
01579304	GAME-SIDE	0
01579c18	GAME-SIDE	68
01579e7c	GAME-SIDE	0
0157a668	GAME-SIDE	0
0157bf70	GAME-SIDE	0
0157cce0	GAME-SIDE	0
0157cd40	GAME-SIDE	0
0157f914	GAME-SIDE	58
015802c4	GAME-SIDE	0
01580890	GAME-SIDE	58
01580c50	GAME-SIDE	0
01581d18	GAME-SIDE	0
01587b90	GAME-SIDE	40
0158a7b8	GAME-SIDE	7
0158c010	GAME-SIDE	7
0158e9bc	GAME-SIDE	7
0158f20c	GAME-SIDE	7
0158f3a0	GAME-SIDE	7
0158f508	GAME-SIDE	7
0159250c	GAME-SIDE	0
0159318c	GAME-SIDE	7
015936b8	GAME-SIDE	7
01593c44	GAME-SIDE	7
01594394	GAME-SIDE	7
015971e0	GAME-SIDE	7
01597d7c	GAME-SIDE	7
01598abc	GAME-SIDE	7
01598d0c	GAME-SIDE	7
015990a8	GAME-SIDE	7
0159b250	GAME-SIDE	7
0159ba20	GAME-SIDE	7
0159f964	GAME-SIDE	7
015a09b4	GAME-SIDE	7
015a109c	GAME-SIDE	7
015a2858	GAME-SIDE	7
015a38b4	GAME-SIDE	7
015a3c50	GAME-SIDE	7
015a50f0	GAME-SIDE	7
015a7c28	GAME-SIDE	7
015a7da4	GAME-SIDE	7
015a7ef0	GAME-SIDE	7
015a864c	GAME-SIDE	7
015a91e8	GAME-SIDE	7
015a9288	GAME-SIDE	7
015a9724	GAME-SIDE	7
015a9bac	GAME-SIDE	7
015aa78c	GAME-SIDE	7
015aacfc	GAME-SIDE	7
015ab434	GAME-SIDE	7
015abc60	GAME-SIDE	7
015ac110	GAME-SIDE	7
015ac46c	GAME-SIDE	7
015aca50	GAME-SIDE	7
015acbec	GAME-SIDE	7
015acf5c	GAME-SIDE	7
015ad0a8	GAME-SIDE	7
015b05e0	GAME-SIDE	7
015b0960	GAME-SIDE	7
015b0d4c	GAME-SIDE	7
015b27e4	GAME-SIDE	30
015b4330	GAME-SIDE	30
015b7a78	GAME-SIDE	30
015bbfb8	GAME-SIDE	0
015c16bc	GAME-SIDE	0
015ccb58	GAME-SIDE	18
015ce260	GAME-SIDE	18
015f61c8	GAME-SIDE	18
0167a368	GAME-SIDE	78
0167ad88	GAME-SIDE	0
0167b4dc	GAME-SIDE	0
0167bb60	GAME-SIDE	0
0167cb38	GAME-SIDE	78
0167dad8	GAME-SIDE	78
016857b4	GAME-SIDE	96
016d1e1c	GAME-SIDE	0
016d31f8	GAME-SIDE	0
016d3788	GAME-SIDE	0
0170f8c4	GAME-SIDE	48
01733684	GAME-SIDE	0
01733e7c	GAME-SIDE	0
01734354	GAME-SIDE	107
0173740c	GAME-SIDE	0
01743d88	GAME-SIDE	0
01745504	GAME-SIDE	0
01745ac4	GAME-SIDE	0
01747304	GAME-SIDE	0
017530f8	GAME-SIDE	66
01754c48	GAME-SIDE	66
01754e7c	GAME-SIDE	66
01754ff0	GAME-SIDE	66
017562dc	GAME-SIDE	0
01757f9c	GAME-SIDE	104
017580f4	GAME-SIDE	104
0175ae98	GAME-SIDE	0
017625f4	GAME-SIDE	0
017af3a0	GAME-SIDE	79
017b05dc	GAME-SIDE	79
017b3dd0	GAME-SIDE	79
017b4864	GAME-SIDE	79
017b4b7c	GAME-SIDE	79
017b4e94	GAME-SIDE	79
017b51ac	GAME-SIDE	79
017b54c4	GAME-SIDE	79
017b57dc	GAME-SIDE	79
017b5af4	GAME-SIDE	79
017b5e0c	GAME-SIDE	79
017b6124	GAME-SIDE	79
017b643c	GAME-SIDE	79
017b6754	GAME-SIDE	79
017b6a6c	GAME-SIDE	79
017b6d84	GAME-SIDE	79
017b709c	GAME-SIDE	79
017b73b4	GAME-SIDE	79
017b76cc	GAME-SIDE	79
017b79e4	GAME-SIDE	79
017b7cfc	GAME-SIDE	79
017b8014	GAME-SIDE	79
017b832c	GAME-SIDE	79
017b8644	GAME-SIDE	79
017b895c	GAME-SIDE	79
017b8c74	GAME-SIDE	79
017b8f8c	GAME-SIDE	79
017b92a0	GAME-SIDE	79
017b95b4	GAME-SIDE	79
017b98c8	GAME-SIDE	79
017bccbc	GAME-SIDE	79
017be448	GAME-SIDE	79
017bebc0	GAME-SIDE	79
017bfd60	GAME-SIDE	79
017c01a0	GAME-SIDE	79
017c0798	GAME-SIDE	79
017c635c	GAME-SIDE	106
017c663c	GAME-SIDE	106
017c6814	GAME-SIDE	106
017c6bb0	GAME-SIDE	106
017c6d54	GAME-SIDE	106
017c7a74	GAME-SIDE	0
017c85ec	GAME-SIDE	0
017c92a8	GAME-SIDE	36
017c9920	GAME-SIDE	22
017ca274	GAME-SIDE	22
017caa24	GAME-SIDE	22
017cab70	GAME-SIDE	22
017caec8	GAME-SIDE	22
017cb180	GAME-SIDE	22
017cb578	GAME-SIDE	22
017e1428	GAME-SIDE	0
017e4d58	GAME-SIDE	0
01808528	GAME-SIDE	0
0180ab98	GAME-SIDE	0
0180c338	GAME-SIDE	0
0181115c	GAME-SIDE	0
018118b0	GAME-SIDE	0
01811d44	GAME-SIDE	0
0181438c	GAME-SIDE	0
01818414	GAME-SIDE	0
01820ae0	GAME-SIDE	0
018225b0	GAME-SIDE	0
018229a4	GAME-SIDE	0
0182c2fc	GAME-SIDE	4
0182d274	GAME-SIDE	0
01830360	GAME-SIDE	0
01830680	GAME-SIDE	0
018310cc	GAME-SIDE	0
01831c40	GAME-SIDE	0
018338a4	GAME-SIDE	0
018348d4	GAME-SIDE	0
01834ee8	GAME-SIDE	0
01835500	GAME-SIDE	0
0183d900	GAME-SIDE	56
0183da84	GAME-SIDE	56
018554f4	GAME-SIDE	56
018555a0	GAME-SIDE	7
01861e40	GAME-SIDE	56
01861eec	GAME-SIDE	56
018648bc	GAME-SIDE	0
018656bc	GAME-SIDE	0
0186576c	GAME-SIDE	0
018688bc	GAME-SIDE	56
01868eec	GAME-SIDE	56
0186cd44	GAME-SIDE	0
01877a4c	GAME-SIDE	0
01885944	GAME-SIDE	0
01893e74	GAME-SIDE	0
018aced8	GAME-SIDE	0
018bc648	GAME-SIDE	48
018c13d0	GAME-SIDE	79
018c2828	GAME-SIDE	79
018c42b8	GAME-SIDE	79
018c5d84	GAME-SIDE	79
018c6488	GAME-SIDE	79
018c6bf0	GAME-SIDE	79
018c7bd4	GAME-SIDE	0
018c7f44	GAME-SIDE	0
018dd140	GAME-SIDE	0
018e3d2c	GAME-SIDE	104
018f2bb4	GAME-SIDE	0
018f56c8	GAME-SIDE	0
018fd1bc	GAME-SIDE	0
01900c54	GAME-SIDE	0
01907820	GAME-SIDE	0
0190c4d4	GAME-SIDE	86
01911af8	GAME-SIDE	0
01912a08	GAME-SIDE	0
0191385c	GAME-SIDE	0
01952758	GAME-SIDE	39
01994068	GAME-SIDE	0
01994a0c	GAME-SIDE	0
019ac214	GAME-SIDE	0
019bb2f4	GAME-SIDE	0
019bc4b4	GAME-SIDE	0
019bf5ec	GAME-SIDE	0
019cc3cc	GAME-SIDE	0
019d73a8	GAME-SIDE	85
019d88c4	GAME-SIDE	0
019d8bc0	GAME-SIDE	0
019d9044	GAME-SIDE	0
019d9520	GAME-SIDE	0
019da648	GAME-SIDE	0
019da9fc	GAME-SIDE	0
019db7d8	GAME-SIDE	85
019dd0c0	GAME-SIDE	0
019dd6ec	GAME-SIDE	0
019dd960	GAME-SIDE	0
019deb64	GAME-SIDE	0
019dee20	GAME-SIDE	0
019e0094	GAME-SIDE	8
019e011c	GAME-SIDE	8
01a0f73c	GAME-SIDE	0
01a0fa7c	GAME-SIDE	0
01a0fe58	GAME-SIDE	0
01a10530	GAME-SIDE	0
01a13dd8	GAME-SIDE	0
01a24c68	GAME-SIDE	0
01a26068	GAME-SIDE	0
01a287a0	GAME-SIDE	0
01a29e90	GAME-SIDE	150
01a2b778	GAME-SIDE	150
01a2fc0c	GAME-SIDE	150
01a2fd34	GAME-SIDE	150
01a2fe64	GAME-SIDE	150
01a30490	GAME-SIDE	150
01a3a4ac	GAME-SIDE	0
01a525ac	GAME-SIDE	134
01a54fa0	GAME-SIDE	0
01a56688	GAME-SIDE	0
01a56e3c	GAME-SIDE	0
01a570cc	GAME-SIDE	0
01a586c8	GAME-SIDE	0
01a65038	GAME-SIDE	0
01a6ef10	GAME-SIDE	0
01a736f8	GAME-SIDE	84
01a73c00	GAME-SIDE	84
01a74008	GAME-SIDE	84
01a75734	GAME-SIDE	0
01a77510	GAME-SIDE	0
01a780b4	GAME-SIDE	0
01a7875c	GAME-SIDE	0
01a7f014	GAME-SIDE	0
01a7f978	GAME-SIDE	0
01a803f8	GAME-SIDE	0
01a81068	GAME-SIDE	0
01a8c2ac	GAME-SIDE	0
01a8dc64	GAME-SIDE	0
01a91748	GAME-SIDE	0
01a99bcc	GAME-SIDE	0
01a9a1a0	GAME-SIDE	96
01a9b978	GAME-SIDE	96
01a9bcdc	GAME-SIDE	96
01a9cc88	GAME-SIDE	96
01a9f2ac	GAME-SIDE	8
01a9f340	GAME-SIDE	8
01aa2780	GAME-SIDE	0
01aa8c10	GAME-SIDE	0
01aa97c8	GAME-SIDE	0
01aab1a4	GAME-SIDE	0
01aab534	GAME-SIDE	0
01aab8f4	GAME-SIDE	0
01aae64c	GAME-SIDE	0
01aaf674	GAME-SIDE	0
01ab3778	GAME-SIDE	0
01abb178	GAME-SIDE	0
01acd904	GAME-SIDE	135
01ad2a88	GAME-SIDE	220
01ad2fd0	GAME-SIDE	0
01ad4334	GAME-SIDE	0
01ad48e8	GAME-SIDE	0
01ad4a08	GAME-SIDE	0
01ad7b74	GAME-SIDE	0
01ad9b60	GAME-SIDE	0
01adb280	GAME-SIDE	0
01ae21a8	GAME-SIDE	0
01aeab64	GAME-SIDE	74
01aeb7e8	GAME-SIDE	74
01aebda0	GAME-SIDE	0
01afe3c8	GAME-SIDE	7
01b0b578	GAME-SIDE	0
01b0ccac	GAME-SIDE	0
01b0d5d0	GAME-SIDE	0
01b0ed40	GAME-SIDE	0
01b0f6e4	GAME-SIDE	0
01b11fd8	GAME-SIDE	84
01b3aa24	GAME-SIDE	0
01b3af48	GAME-SIDE	0
01b3b374	GAME-SIDE	0
01b3b5b8	GAME-SIDE	0
01b3b9cc	GAME-SIDE	0
01b3bbe4	GAME-SIDE	0
01b3be74	GAME-SIDE	0
01b3c17c	GAME-SIDE	0
01b3c354	GAME-SIDE	0
01b3cda0	GAME-SIDE	0
01b3d558	GAME-SIDE	0
01b3dd7c	GAME-SIDE	0
01b3e5d8	GAME-SIDE	106
01b47d10	GAME-SIDE	0
01b521e4	GAME-SIDE	0
01b5a7f0	GAME-SIDE	22
01b5dfc0	GAME-SIDE	0
01b5f898	GAME-SIDE	0
01b6146c	GAME-SIDE	0
01b62980	GAME-SIDE	0
01b62dd8	GAME-SIDE	0
01b67820	GAME-SIDE	0
01b6f19c	GAME-SIDE	134
01b6f24c	GAME-SIDE	134
01b6f4ac	GAME-SIDE	134
01b723bc	GAME-SIDE	66
01b753d0	GAME-SIDE	66
01b76b54	GAME-SIDE	0
01b7b51c	GAME-SIDE	66
01b7dd6c	GAME-SIDE	66
01b7ec28	GAME-SIDE	66
01b86514	GAME-SIDE	66
01b866dc	GAME-SIDE	66
01b8b174	GAME-SIDE	0
01b8d6d4	GAME-SIDE	66
01b91dbc	GAME-SIDE	84
01b93240	GAME-SIDE	84
01b93b44	GAME-SIDE	84
01b9973c	GAME-SIDE	66
01b9ea50	GAME-SIDE	274
01ba13dc	GAME-SIDE	0
01ba156c	GAME-SIDE	0
01ba18ac	GAME-SIDE	0
01bbe528	GAME-SIDE	174
01bc0068	GAME-SIDE	0
01bc5980	GAME-SIDE	0
01bc622c	GAME-SIDE	0
01bc6478	GAME-SIDE	0
01bc66b4	GAME-SIDE	0
01bca428	GAME-SIDE	214
01bd0d20	GAME-SIDE	0
01bdaadc	GAME-SIDE	0
01be6d0c	GAME-SIDE	0
01be76b4	GAME-SIDE	0
01be79bc	GAME-SIDE	0
01bf2f2c	GAME-SIDE	0
01bf3cf4	GAME-SIDE	0
01bfb1a8	GAME-SIDE	66
01bfb3dc	GAME-SIDE	66
01bff80c	GAME-SIDE	66
01c02cb4	GAME-SIDE	66
01c03924	GAME-SIDE	0
01c0a9fc	GAME-SIDE	66
01c0ab50	GAME-SIDE	66
01c0b8e8	GAME-SIDE	0
01c0f32c	GAME-SIDE	66
01c11fb0	GAME-SIDE	66
01c15888	GAME-SIDE	258
01c189ec	GAME-SIDE	66
01c1947c	GAME-SIDE	66
01c19e74	GAME-SIDE	66
01c1a47c	GAME-SIDE	0
01c20eec	GAME-SIDE	0
01c236dc	GAME-SIDE	0
01c246c8	GAME-SIDE	0
01c271f4	GAME-SIDE	0
01c32cec	GAME-SIDE	1
01c330d0	GAME-SIDE	1
01c33564	GAME-SIDE	1
01c3382c	GAME-SIDE	1
01c33ab0	GAME-SIDE	1
01c33dd4	GAME-SIDE	1
01c34280	GAME-SIDE	1
01c348b0	GAME-SIDE	0
01c3a0c8	GAME-SIDE	0
01c3e134	GAME-SIDE	0
01c422bc	GAME-SIDE	104
01c4269c	GAME-SIDE	0
01c459f8	GAME-SIDE	0
01c4880c	GAME-SIDE	0
01c48e40	GAME-SIDE	0
01c4cfe0	GAME-SIDE	0
01c52a30	GAME-SIDE	96
01c56008	GAME-SIDE	0
01c6ee94	GAME-SIDE	0
01c7bed4	GAME-SIDE	0
01c92924	GAME-SIDE	0
01c95998	GAME-SIDE	0
01ca7a98	GAME-SIDE	0
01ca8024	GAME-SIDE	0
01cacd00	GAME-SIDE	0
01cb34dc	GAME-SIDE	66
01cba0d4	GAME-SIDE	0
01cbad18	GAME-SIDE	0
01cbd07c	GAME-SIDE	0
01cc2a74	GAME-SIDE	157
01cc2f04	GAME-SIDE	157
01cc5184	GAME-SIDE	134
01cc5f10	GAME-SIDE	134
01ccb8a0	GAME-SIDE	0
01ccf3bc	GAME-SIDE	0
01cd88e4	GAME-SIDE	0
01cde6a8	GAME-SIDE	86
01cdef70	GAME-SIDE	86
01cdf0dc	GAME-SIDE	86
01cdfecc	GAME-SIDE	0
01ce6760	GAME-SIDE	0
01ce67a0	GAME-SIDE	0
01ce7d14	GAME-SIDE	0
01cf1c08	GAME-SIDE	0
01d00534	GAME-SIDE	0
01d0c24c	GAME-SIDE	0
01d0dee4	GAME-SIDE	0
01d15230	GAME-SIDE	0
01d159d4	GAME-SIDE	0
01d3c898	GAME-SIDE	84
01d5a958	GAME-SIDE	0
01d5c544	GAME-SIDE	0
01d5c7dc	GAME-SIDE	0
01d666e4	GAME-SIDE	79
01d75a90	GAME-SIDE	30
01d7797c	GAME-SIDE	8
01d79510	GAME-SIDE	8
01d7ae24	GAME-SIDE	8
01d7c4dc	GAME-SIDE	8
01d85450	GAME-SIDE	115
01d8a9e8	GAME-SIDE	115
01d8b418	GAME-SIDE	0
01d8f020	GAME-SIDE	0
01da2b50	GAME-SIDE	0
01da2c8c	GAME-SIDE	0
01dc22f4	GAME-SIDE	149
01dc5e90	GAME-SIDE	0
01dc85fc	GAME-SIDE	0
01dcb81c	GAME-SIDE	149
01dcedc8	GAME-SIDE	149
01dcfcc8	GAME-SIDE	0
01dd5878	GAME-SIDE	7
01dd5fac	GAME-SIDE	7
01dd6038	GAME-SIDE	7
01dd81a8	GAME-SIDE	0
01dddb4c	GAME-SIDE	0
01ddde80	GAME-SIDE	0
01de6e18	GAME-SIDE	0
01de7d64	GAME-SIDE	88
01de8018	GAME-SIDE	0
01df2644	GAME-SIDE	40
01df27dc	GAME-SIDE	40
01df2fb0	GAME-SIDE	40
01df328c	GAME-SIDE	40
01df3434	GAME-SIDE	40
01df37d4	GAME-SIDE	40
01df3aec	GAME-SIDE	40
01df3c38	GAME-SIDE	40
01df4178	GAME-SIDE	0
01df7a94	GAME-SIDE	0
01df7e74	GAME-SIDE	0
01df8144	GAME-SIDE	0
01df8b0c	GAME-SIDE	40
01dff534	GAME-SIDE	1
01e0659c	GAME-SIDE	0
01e073e4	GAME-SIDE	0
01e0cf24	GAME-SIDE	0
01e0d5ac	GAME-SIDE	0
01e0f958	GAME-SIDE	0
01e14178	GAME-SIDE	0
01e20578	GAME-SIDE	0
01e22500	GAME-SIDE	0
01e25c00	GAME-SIDE	0
01e25fc8	GAME-SIDE	0
01e26438	GAME-SIDE	0
01e26800	GAME-SIDE	0
01e2c388	GAME-SIDE	0
01e390bc	GAME-SIDE	0
01e3b4f4	GAME-SIDE	0
01e3e034	GAME-SIDE	0
01e3f60c	GAME-SIDE	0
01e58598	GAME-SIDE	0
01e59e20	GAME-SIDE	0
01e63980	GAME-SIDE	0
01e677a4	GAME-SIDE	0
01e72278	GAME-SIDE	0
01e767e4	GAME-SIDE	0
01e787cc	GAME-SIDE	0
01e79164	GAME-SIDE	0
01e7a074	GAME-SIDE	0
01e7c634	GAME-SIDE	134
01e7d8dc	GAME-SIDE	0
01e7e050	GAME-SIDE	0
01e7e750	GAME-SIDE	0
01e7e794	GAME-SIDE	0
01e7e828	GAME-SIDE	0
01e7e960	GAME-SIDE	0
01e7eb50	GAME-SIDE	0
01e7ed40	GAME-SIDE	0
01e80034	GAME-SIDE	0
01e80168	GAME-SIDE	0
01e80358	GAME-SIDE	0
01e80464	GAME-SIDE	0
01e8059c	GAME-SIDE	0
01e806a8	GAME-SIDE	0
01e807e0	GAME-SIDE	0
01e80914	GAME-SIDE	0
01e80a20	GAME-SIDE	0
01e80b58	GAME-SIDE	0
01e80d3c	GAME-SIDE	0
01e80e74	GAME-SIDE	0
01e80fb0	GAME-SIDE	0
01e810e4	GAME-SIDE	0
01e817a8	GAME-SIDE	0
01e82900	GAME-SIDE	0
01e88a80	GAME-SIDE	0
01e8ab40	GAME-SIDE	192
01e8ca28	GAME-SIDE	0
01e8fecc	GAME-SIDE	0
01e90bc0	GAME-SIDE	0
01e96c64	GAME-SIDE	0
01e96f98	GAME-SIDE	0
01e9ef94	GAME-SIDE	0
01e9f858	GAME-SIDE	0
01ea03c4	GAME-SIDE	0
01ea0424	GAME-SIDE	0
01ea09b8	GAME-SIDE	0
01ea15e4	GAME-SIDE	0
01eb0468	GAME-SIDE	101
01f4db60	GAME-SIDE	40
01f4de54	GAME-SIDE	40
01f4e030	GAME-SIDE	40
01f4e484	GAME-SIDE	40
01fc10c4	GAME-SIDE	26
02000874	GAME-SIDE	13
02000a14	GAME-SIDE	13
02050270	GAME-SIDE	76
020705f8	GAME-SIDE	57
02070a80	GAME-SIDE	57
0207103c	GAME-SIDE	57
0207c130	GAME-SIDE	51
0207c468	GAME-SIDE	51
020bee00	GAME-SIDE	73
020bf48c	GAME-SIDE	73
020bf6b0	GAME-SIDE	73
020c0c5c	GAME-SIDE	73
020c14b4	GAME-SIDE	23
020c7758	GAME-SIDE	51
020c8030	GAME-SIDE	51
020dc17c	GAME-SIDE	141
02183530	GAME-SIDE	75
02461b3c	GAME-SIDE	106
0246746c	GAME-SIDE	0
02468bdc	GAME-SIDE	0
0246c7d0	GAME-SIDE	106
0246cbe4	GAME-SIDE	106
0246cf34	GAME-SIDE	106
0246d250	GAME-SIDE	106
0246d6ec	GAME-SIDE	106
0246d894	GAME-SIDE	106
0246e77c	GAME-SIDE	0
02475fa8	GAME-SIDE	33
02479328	GAME-SIDE	33
0247a184	GAME-SIDE	33
0247abf0	GAME-SIDE	33
0247b7e4	GAME-SIDE	33
0247f428	GAME-SIDE	68
0247f728	GAME-SIDE	68
02480024	GAME-SIDE	68
02480198	GAME-SIDE	68
02480530	GAME-SIDE	68
02480f5c	GAME-SIDE	68
024812a4	GAME-SIDE	68
024814a8	GAME-SIDE	68
024841e4	GAME-SIDE	68
02485ee4	GAME-SIDE	68
024862cc	GAME-SIDE	68
0248705c	GAME-SIDE	68
0248a2f0	GAME-SIDE	0
0248da24	GAME-SIDE	0
0248e8e0	GAME-SIDE	0
02494c18	GAME-SIDE	74
02495454	GAME-SIDE	0
02498b04	GAME-SIDE	0
024a00b4	GAME-SIDE	81
024a023c	GAME-SIDE	81
024a14d8	GAME-SIDE	81
024a1b64	GAME-SIDE	81
024a67a4	GAME-SIDE	81
024a6b34	GAME-SIDE	81
024a6bf4	GAME-SIDE	81
024af5ac	GAME-SIDE	0
024cc00c	GAME-SIDE	0
024d17dc	GAME-SIDE	0
024d35b8	GAME-SIDE	0
024eb488	GAME-SIDE	0
0250071c	GAME-SIDE	0
025014a0	GAME-SIDE	0
02501a2c	GAME-SIDE	0
02507138	GAME-SIDE	0
02522b08	GAME-SIDE	53
02548548	GAME-SIDE	282
02568288	GAME-SIDE	0
0259a700	GAME-SIDE	0
0259b934	GAME-SIDE	0
025b6c14	GAME-SIDE	0
025b7758	GAME-SIDE	0
025b7cf0	GAME-SIDE	0
025d39bc	GAME-SIDE	85
025d4248	GAME-SIDE	0
025e2860	GAME-SIDE	0
0260e920	GAME-SIDE	37
0261172c	GAME-SIDE	0
026160e0	GAME-SIDE	0
02618648	GAME-SIDE	25
02618bdc	GAME-SIDE	25
026200f8	GAME-SIDE	0
02687640	GAME-SIDE	82
0268ec68	GAME-SIDE	82
026b0bbc	GAME-SIDE	10
026bc980	GAME-SIDE	11
026bc9d4	GAME-SIDE	11
026bcb98	GAME-SIDE	11
026c3310	GAME-SIDE	11
026c5288	GAME-SIDE	11
02703c5c	GAME-SIDE	97
02704098	GAME-SIDE	1
027041b4	GAME-SIDE	1
02704408	GAME-SIDE	1
0270495c	GAME-SIDE	1
02704ac0	GAME-SIDE	1
02704ebc	GAME-SIDE	1
02705584	GAME-SIDE	1
02705934	GAME-SIDE	1
02705c5c	GAME-SIDE	1
02705dc8	GAME-SIDE	1
02706290	GAME-SIDE	1
027068f0	GAME-SIDE	1
02707718	GAME-SIDE	1
02708ba8	GAME-SIDE	68
02709d34	GAME-SIDE	68
0270b258	GAME-SIDE	1
0270e0c4	GAME-SIDE	68
027106b0	GAME-SIDE	1
02712d10	GAME-SIDE	1
02714220	GAME-SIDE	68
027143d4	GAME-SIDE	68
027167ec	GAME-SIDE	68
0271857c	GAME-SIDE	1
0272302c	GAME-SIDE	68
02724784	GAME-SIDE	68
02725c34	GAME-SIDE	68
02726900	GAME-SIDE	68
0272772c	GAME-SIDE	68
027292b8	GAME-SIDE	68
02730ec0	GAME-SIDE	1
02733858	GAME-SIDE	1
027352d0	GAME-SIDE	1
02735b8c	GAME-SIDE	6
02739030	GAME-SIDE	6
0273d4d8	GAME-SIDE	33
0274016c	GAME-SIDE	6
027403b8	GAME-SIDE	6
02740934	GAME-SIDE	6
02740ea4	GAME-SIDE	6
02741400	GAME-SIDE	6
02742d3c	GAME-SIDE	6
02744260	GAME-SIDE	6
0274c678	GAME-SIDE	11
0274ea78	GAME-SIDE	1
0274ef04	GAME-SIDE	1
0274f014	GAME-SIDE	1
02751408	GAME-SIDE	3
02751db4	GAME-SIDE	1
02752550	GAME-SIDE	1
02753488	GAME-SIDE	1
02754e88	GAME-SIDE	1
027565b4	GAME-SIDE	1
0275720c	GAME-SIDE	1
02757700	GAME-SIDE	1
02770124	GAME-SIDE	3
02776910	GAME-SIDE	108
0277dcf4	GAME-SIDE	14
02783bf8	GAME-SIDE	14
0278b24c	GAME-SIDE	14
0279d9cc	GAME-SIDE	156
0279e680	GAME-SIDE	156
027a8de8	GAME-SIDE	0
027b465c	GAME-SIDE	24
027b48d4	GAME-SIDE	24
027b4b4c	GAME-SIDE	24
027b4dcc	GAME-SIDE	0
027b4f3c	GAME-SIDE	0
027b5198	GAME-SIDE	70
027bb630	GAME-SIDE	32
027bbb30	GAME-SIDE	32
027bbe94	GAME-SIDE	32
027bc204	GAME-SIDE	32
027bc574	GAME-SIDE	32
027bc8e4	GAME-SIDE	32
027c2f3c	GAME-SIDE	32
027c4a3c	GAME-SIDE	32
027c96e0	GAME-SIDE	8
027ca298	GAME-SIDE	32
027cc90c	GAME-SIDE	32
027cd000	GAME-SIDE	39
027d1c38	GAME-SIDE	32
027d6220	GAME-SIDE	32
027d6344	GAME-SIDE	32
027d99c4	GAME-SIDE	32
027daff4	GAME-SIDE	32
027dc588	GAME-SIDE	0
027ddf04	GAME-SIDE	32
027e4468	GAME-SIDE	32
027e5eac	GAME-SIDE	32
027e6044	GAME-SIDE	32
027e7294	GAME-SIDE	32
027e7d10	GAME-SIDE	32
027ec110	GAME-SIDE	32
027ec528	GAME-SIDE	32
027ec70c	GAME-SIDE	32
027ec8f4	GAME-SIDE	32
027eedfc	GAME-SIDE	32
027ef1b0	GAME-SIDE	32
027ef2e0	GAME-SIDE	32
027ef410	GAME-SIDE	32
027f2a34	GAME-SIDE	32
02802324	GAME-SIDE	32
02804784	GAME-SIDE	32
028051e0	GAME-SIDE	32
02805ffc	GAME-SIDE	32
02806a78	GAME-SIDE	32
0280e248	GAME-SIDE	22
0281ce68	GAME-SIDE	0
028205f4	GAME-SIDE	0
02823960	GAME-SIDE	22
02823af0	GAME-SIDE	22
02823d00	GAME-SIDE	22
02823ecc	GAME-SIDE	22
02827ab4	GAME-SIDE	22
0282c178	GAME-SIDE	22
0282d890	GAME-SIDE	22
0282de4c	GAME-SIDE	22
02947730	GAME-SIDE	36
02947cd8	GAME-SIDE	36
0294c0f4	GAME-SIDE	39
0294c1e4	GAME-SIDE	0
02951958	GAME-SIDE	88
02955b54	GAME-SIDE	39
02976058	GAME-SIDE	8
029768ac	GAME-SIDE	8
0297a61c	GAME-SIDE	10
0297c7ac	GAME-SIDE	8
0298eb50	GAME-SIDE	8
0298ef1c	GAME-SIDE	8
029988b4	GAME-SIDE	0
029a4f78	GAME-SIDE	88
029a7770	GAME-SIDE	88
02a12fc8	GAME-SIDE	8
02a146b0	GAME-SIDE	8
02a168fc	GAME-SIDE	6
02a1bc48	GAME-SIDE	8
02a1d9e8	GAME-SIDE	8
02a1e828	GAME-SIDE	8
02a2409c	GAME-SIDE	6
02a25094	GAME-SIDE	39
02a278f0	GAME-SIDE	6
02a29444	GAME-SIDE	6
02a29e48	GAME-SIDE	6
02a2a3c8	GAME-SIDE	6
02a31744	GAME-SIDE	6
02a32f8c	GAME-SIDE	6
02a36c1c	GAME-SIDE	6
02a37660	GAME-SIDE	6
02a39420	GAME-SIDE	6
02a3a0ec	GAME-SIDE	8
02a3dd40	GAME-SIDE	8
02a40454	GAME-SIDE	8
02a40558	GAME-SIDE	8
02a41c00	GAME-SIDE	8
02a43d78	GAME-SIDE	8
02a44254	GAME-SIDE	8
02a44814	GAME-SIDE	8
02a45d80	GAME-SIDE	8
02a4cbcc	GAME-SIDE	8
02a4da60	GAME-SIDE	8
02a524cc	GAME-SIDE	8
02a53980	GAME-SIDE	8
02a53b60	GAME-SIDE	8
02a5472c	GAME-SIDE	8
02a56d78	GAME-SIDE	8
02a57b48	GAME-SIDE	8
02a57d28	GAME-SIDE	8
02a588ec	GAME-SIDE	6
02a5b998	GAME-SIDE	6
02a5d248	GAME-SIDE	6
02a5ec70	GAME-SIDE	6
02a5f614	GAME-SIDE	6
02a5f708	GAME-SIDE	8
02a64be8	GAME-SIDE	39
02a68b4c	GAME-SIDE	39
02a707fc	GAME-SIDE	39
02a72990	GAME-SIDE	39
02a72bb0	GAME-SIDE	39
02a72cbc	GAME-SIDE	39
02a734cc	GAME-SIDE	6
02a74698	GAME-SIDE	6
02acf164	GAME-SIDE	55
02acf310	GAME-SIDE	55
02acf5a8	GAME-SIDE	55
02ad60e0	GAME-SIDE	71
02ad68b8	GAME-SIDE	71
02ae5a1c	GAME-SIDE	172
02af8ff0	GAME-SIDE	71
02b06570	GAME-SIDE	71
02b09500	GAME-SIDE	8
02b0cdac	GAME-SIDE	8
02b0ede0	GAME-SIDE	8
02b12a74	GAME-SIDE	8
02b1d074	GAME-SIDE	106
02b22cc8	GAME-SIDE	6
02b24c00	GAME-SIDE	0
02b2760c	GAME-SIDE	8
02b29848	GAME-SIDE	8
02b29a7c	GAME-SIDE	8
02b29b80	GAME-SIDE	8
02b2dabc	GAME-SIDE	1
02b2de3c	GAME-SIDE	1
02b4165c	GAME-SIDE	6
02b47b98	GAME-SIDE	6
02b4c634	GAME-SIDE	7
02b4cd94	GAME-SIDE	7
02b4d8d4	GAME-SIDE	7
02b50c00	GAME-SIDE	1
02b51370	GAME-SIDE	45
02b51450	GAME-SIDE	45
02b528f8	GAME-SIDE	45
02b538d8	GAME-SIDE	45
02b561a8	GAME-SIDE	45
02b8cf9c	GAME-SIDE	1
02b90434	GAME-SIDE	0
02b907c8	GAME-SIDE	0
02b90b50	GAME-SIDE	0
02b91034	GAME-SIDE	0
02b919a4	GAME-SIDE	0
02b91f74	GAME-SIDE	0
02b974b0	GAME-SIDE	6
02b99460	GAME-SIDE	6
02ba0e60	GAME-SIDE	39
02ba36e0	GAME-SIDE	39
02ba71a0	GAME-SIDE	39
02ba73fc	GAME-SIDE	39
02c7ed40	GAME-SIDE	10
02cb6480	GAME-SIDE	8
02cc0e48	GAME-SIDE	39
02cc4960	GAME-SIDE	39
02cd3c5c	HAVOK	
02cd97f0	GAME-SIDE	8
02cda698	GAME-SIDE	8
02cda8f4	GAME-SIDE	39
02ce4534	GAME-SIDE	39
02ce7774	GAME-SIDE	39
02ce7d58	GAME-SIDE	39
02ce9000	GAME-SIDE	39
k_FUN_032a2370	GAME-SIDE	
