path	oracle_key	nodes	binds	bind_rest_status	global_times_bind_max	bind_times_global_max
bin/chara/data/item/item_001/item_001.trskl	14b122b20550567ac372133a814cfd71e3ad755b760792d23f4086cd5ec8f362	3	0	agree	0	0
bin/chara/data/item/item_002/item_002.trskl	51d98ade296ded1be695d4e76ddc5c8edf5dec45bacce4caad768707c8aff3c7	3	0	agree	0	0
bin/chara/data/item/item_011/item_011.trskl	485d8f8b61d30da2fdeb98ae1471551a0e59a5402f87d48e5f1f00bd4a3b0ea6	3	0	agree	0	0
bin/chara/data/item/item_013/item_013.trskl	2a25706fa551686fd09352e33fdd64d3831505032192bf85e4485d4fd71b3c17	4	0	agree	0	0
bin/chara/data/item/item_014/item_014.trskl	b8c93588e08b758633d378fd1b2070495c18181150153d0687dbc34487cc1d91	3	0	agree	0	0
bin/chara/data/item/item_017/item_017.trskl	b8ed48ecfb814dfc431252b7e1107eb6488f6cad3a303157deaaee5e12cc1a2d	3	0	agree	0	0
bin/chara/data/item/item_018/item_018.trskl	978ddf7b48c9b733a97419b008859ce5d6e21c33a96ec99ddf2f125aa4d1b6d0	3	0	agree	0	0
bin/chara/data/item/item_019/item_019.trskl	68e0a6cffa4cbc618e255cd6f8477a021523a3bc2ac54306cff43aaf2862753a	3	0	agree	0	0
bin/chara/data/item/item_023/item_023.trskl	7cd5bd7e84eaba77ca4588a213d53ebd8143004dee10dd85450ebabff137b14b	5	0	agree	0	0
bin/chara/data/item/item_025/item_025.trskl	869bd969c9bf564dc94048fc43b301891049bb29392d8cd59cacc85fd31dac33	4	0	agree	0	0
bin/chara/data/item/item_032/item_032.trskl	d53f2681e57b69bff7d0af1a47a1160dd52d87fbfd60c46d60866a648aa40d4b	3	0	agree	0	0
bin/chara/data/item/item_100/item_100.trskl	b6c0366d12c4856ee45afdd8f6df9cd299a60f73250b69486199afcccd6f6885	9	4	agree	4.371138828673793e-08	4.371138828673793e-08
bin/chara/data/item/item_101/item_101.trskl	99478c7686a1a9b017b71669b29e51a1a86c98d2d3d0669423e223d20cbf7ec8	9	4	agree	4.371138828673793e-08	4.371138828673793e-08
bin/chara/data/item/item_102/item_102.trskl	a57967d2207fe4bc7b3ab506b497f5483a651c01a6d1f3cc52db65f6a49e4269	9	4	agree	4.371138828673793e-08	4.371138828673793e-08
bin/chara/data/item/item_103/item_103.trskl	7ab4045b41914609a0b8ab2e54389e8782cdbea3ba1ab35701adf29775555c21	9	4	agree	4.371138828673793e-08	4.371138828673793e-08
bin/chara/data/item/item_104/item_104.trskl	24e83c455e25a100cdeaf25448575349003e43fd3dab726955c6fd652ef62279	9	4	agree	4.371138828673793e-08	4.371138828673793e-08
bin/chara/data/item/item_105/item_105.trskl	7c38018c79128d083af3bcb9e656903bcd48eff1e6ee3bc701c5cee59f887897	9	4	agree	4.371138828673793e-08	4.371138828673793e-08
bin/chara/data/item/item_106/item_106.trskl	af477b62fdabc32d6fff60ae80b8ad0d9a64c72aa1f83c08d2633471cb17e266	10	4	agree	4.371138828673793e-08	4.371138828673793e-08
bin/chara/data/item/item_107/item_107.trskl	5042ec5b8a646ffc45f0788a93c4fb26aa5987c694517f02df186508ce19ba65	10	4	agree	4.371138828673793e-08	4.371138828673793e-08
bin/chara/data/item/item_108/item_108.trskl	d1043a2d3b96a2eec8cdee5ecee7cf186f88ef145606e24d9f2f41fca6bbfd98	10	4	agree	4.371138828673793e-08	4.371138828673793e-08
bin/chara/data/item/item_109/item_109.trskl	c6f8905f69ded7d9e586e7c86751a0db85b9a08c9eb9b50872dd265f9992361b	8	3	agree	4.371138828673793e-08	4.371138828673793e-08
bin/chara/data/item/item_201/item_201.trskl	6351109b17f1b9b8dcc7f311a8a3027870e801ca2ee591ad1242c285d1516b5f	5	1	agree	4.371138828673793e-08	4.371138828673793e-08
bin/chara/data/item/item_202/item_202.trskl	0be0af5c783a10b473e7834256de14e61ce43dcf67d42cc524536d56cd4337d4	5	1	agree	4.371138828673793e-08	4.371138828673793e-08
bin/chara/data/item/item_203/item_203.trskl	26604bc320d8eb21abe9af7da82d59ef3521d14fa9fa65782d57ffd0a96fe042	5	1	agree	4.371138828673793e-08	4.371138828673793e-08
bin/chara/data/item/item_204/item_204.trskl	9fcad46edf2085b2c52f31a526b492c0b78da36ea60d74367abbcbffccbc4289	5	1	agree	4.371138828673793e-08	4.371138828673793e-08
bin/chara/data/item/item_205/item_205.trskl	16dc9b909fd168c5e30fbd281deb305bb0874cad62f6b771bfa8bb33693e7a7b	5	1	agree	4.371138828673793e-08	4.371138828673793e-08
bin/chara/data/item/item_206/item_206.trskl	56e7e824c55673d8e92e231920a0def6e08d6acc0e1f8cae6ece4d0641738153	5	1	agree	4.371138828673793e-08	4.371138828673793e-08
bin/chara/data/item/item_207/item_207.trskl	58671dc15bba0840688edd0d04a2a2eef9d3b640fc79191156064d487b73d54b	5	1	agree	4.371138828673793e-08	4.371138828673793e-08
bin/chara/data/item/item_208/item_208.trskl	a47aa818eb50a35ec958bf88e99fbd457341a4a793f0011cc99dcc3d197cff47	5	1	agree	4.371138828673793e-08	4.371138828673793e-08
bin/chara/data/item/item_209/item_209.trskl	fc6d8b8dcd5b2e788c3e86c0ba64458ac1bf1ab2e93153a30e00557037cc0b09	5	1	agree	4.371138828673793e-08	4.371138828673793e-08
bin/chara/data/item/item_210/item_210.trskl	29573bf0bdd4697a0ab02bbbb681a226d41bba1d165b0a42ba8c5228c1f87efc	5	1	agree	4.371138828673793e-08	4.371138828673793e-08
bin/chara/data/item/item_211/item_211.trskl	897c06bbeced3334ef6a040f9b95fc3d502fab8315e92dfdd04c9bd19e741171	5	1	agree	4.371138828673793e-08	4.371138828673793e-08
bin/chara/data/item/item_212/item_212.trskl	ef5bbb65656577c3b995d7d6ce0d4f5c92b957d340f7d6721d44b5f5518ec8b8	5	1	agree	4.371138828673793e-08	4.371138828673793e-08
bin/chara/data/item/item_216/item_216.trskl	7b96e0609efe99fc0bb45d6a3d4f7bfa89809e222df9326694047fd196f34eec	5	1	agree	4.371138828673793e-08	4.371138828673793e-08
bin/chara/data/item/item_217/item_217.trskl	b7cd0f021301f51c0444c9d2f9dfe437c3b68c6871cca5d4485ea0ddf7d27c5e	5	1	agree	4.371138828673793e-08	4.371138828673793e-08
bin/chara/data/item/item_218/item_218.trskl	4c000445215ac00aae35ff508b856824b4ee2ac0a2830d7392f149dc64788fc4	5	1	agree	4.371138828673793e-08	4.371138828673793e-08
bin/chara/data/item/item_219/item_219.trskl	784258e7c576ce55feb37786ab919b5fa9be122a21e4c499fbff4cbac2233199	5	1	agree	4.371138828673793e-08	4.371138828673793e-08
bin/chara/data/item/item_220/item_220.trskl	ee706fbcf8ea352089ea6040c0ebcac722ecb7d40f0bbc7c048fc6db6869b1c3	5	1	agree	4.371138828673793e-08	4.371138828673793e-08
bin/chara/data/item/item_221/item_221.trskl	fc9aeca1b148df4ef876d75a52f0504b07504e8461479f5ca14b5fa6f7c397f4	5	1	agree	4.371138828673793e-08	4.371138828673793e-08
bin/chara/data/item/item_222/item_222.trskl	f04eedda37b50d16920946441d475c77252d5984db4802944730712a179d79ba	5	1	agree	4.371138828673793e-08	4.371138828673793e-08
bin/chara/data/item/item_223/item_223.trskl	9b7fb0310c03764932bed52b1d4b80dc6c8f0102f1b20a4834c2f69865eeeeea	5	1	agree	4.371138828673793e-08	4.371138828673793e-08
bin/chara/data/item/item_224/item_224.trskl	ddfc89a575a6befa976d5990769612d10258d6ed6a548dcf3b93913648627d3a	9	1	agree	4.371138828673793e-08	4.371138828673793e-08
bin/chara/data/item/item_225/item_225.trskl	47f9fecb9f2c1fb1a14b335db1bdc528e0f93c431454f854d06962399d49ee39	9	1	agree	4.371138828673793e-08	4.371138828673793e-08
bin/chara/data/item/item_226/item_226.trskl	2a94be0521cc59effd67f11263ed4479a09c7aff9995ff61cc22303f7de97dea	5	1	agree	4.371138828673793e-08	4.371138828673793e-08
bin/chara/data/item/item_227/item_227.trskl	06e9d572579bd6ded8926cd2b076efde3f730ee5cc36ff5022a518e4d2cf560c	6	1	agree	4.371138828673793e-08	4.371138828673793e-08
bin/chara/data/item/item_228/item_228.trskl	0bd6d369ac43f39910c016e77c8127a5650912c11269e24e0bfbc821024041f2	16	12	agree	1.1920928955078125e-07	1.2787639036559995e-07
bin/chara/data/item/item_229/item_229.trskl	33f8c9c05a69b54939ec80a1a65f75be2c178d1d2999e66a765a11abc705c029	11	4	agree	4.371138828673793e-08	4.371138828673793e-08
bin/chara/data/item/item_230/item_230.trskl	efd1942c6215458bfa7a471fc970a00421aac3640727ecb6c3451322d277cc2e	5	1	disagree	0.5	0.5
bin/chara/data/item/item_231/item_231.trskl	2038dea5d20282fbec70d24f85f28daa4520edcc02729332fe0834a01adffd67	5	1	agree	4.371138828673793e-08	4.371138828673793e-08
bin/chara/data/item/item_232/item_232.trskl	e3b357bb8a3a5fade02f17928cf973dbaf2a8c5c2efd218130af7ab6d8ee20f2	5	1	agree	4.371138828673793e-08	4.371138828673793e-08
bin/chara/data/item/item_233/item_233.trskl	3ecd846a2eeb8c0be1882c01d0a9882326dac5a1700e0c6502081c7d29465999	5	1	agree	4.371138828673793e-08	4.371138828673793e-08
bin/chara/data/item/item_234/item_234.trskl	f5fc35bcef262e9061d08ba0d7b5f26255ce30c8767d2c365aee39e6da1f1a27	5	1	agree	4.371138828673793e-08	4.371138828673793e-08
bin/chara/data/item/item_235/item_235.trskl	0074562d850d8bf5ecbedeed36bb8ac8d24e3f08d23fd8e31d7e00979c3dff1a	5	1	agree	4.371138828673793e-08	4.371138828673793e-08
bin/chara/data/item/item_236/item_236.trskl	ce819671c6368d18e6a0a89fc10815b151eadc1bfd7ec1456d7cffbd223ba050	5	1	agree	4.371138828673793e-08	4.371138828673793e-08
bin/chara/data/item/item_237/item_237.trskl	10422ecc26c149146d15b592dedbcb3f0ac8289a6ca24df4e359bac6257a4485	5	1	agree	4.371138828673793e-08	4.371138828673793e-08
bin/chara/data/item/item_238/item_238.trskl	e574c3e593515ed48139d7acde271fa0684a4b09e0b71ecba89531bfade3722e	5	1	agree	4.371138828673793e-08	4.371138828673793e-08
bin/chara/data/item/item_239/item_239.trskl	d8630463ee799e3fceec55b978d54e1b628573dd78548cf9f3f75c7c14eedff6	5	1	agree	4.371138828673793e-08	4.371138828673793e-08
bin/chara/data/item/item_240/item_240.trskl	0fa35cc13e3b3018f6eaaccf7981d1e4d035a34a0971af5e59228b27ea999c4a	5	1	agree	4.371138828673793e-08	4.371138828673793e-08
bin/chara/data/item/item_241/item_241.trskl	681d10fc3a3b86f3550fb4eefc211475b5fbe61feed68bc86e26e262e02ad354	5	1	agree	4.371138828673793e-08	4.371138828673793e-08
bin/chara/data/item/item_242/item_242.trskl	6b8318abd6103eb29e988e31dca611be84b0e7b8903c60723089909889d0680d	5	1	agree	4.371138828673793e-08	4.371138828673793e-08
bin/chara/data/item/item_243/item_243.trskl	5c8a822dae36f62c2ce526d6a3fb3feba4800e9efa4a751ce8dcd2e7d8e65458	5	1	agree	4.371138828673793e-08	4.371138828673793e-08
bin/chara/data/item/item_244/item_244.trskl	b2ccf421884ff3f100e8bfc9e82ac3d3a0912c2fff9c0be8b71dba93a9b9b90c	5	1	agree	4.371138828673793e-08	4.371138828673793e-08
bin/chara/data/item/item_245/item_245.trskl	782b5ca74a50501d90d121320d2412fbb0dc27a812de7fda2d11d7ad488b3b98	5	1	agree	4.371138828673793e-08	4.371138828673793e-08
bin/chara/data/item/item_246/item_246.trskl	7cc5f3c2d9e2721e6f37cd0a09f8d18bb97b8b1209d0dfb8cac612edfae9572c	5	1	agree	4.371138828673793e-08	4.371138828673793e-08
bin/chara/data/item/item_247/item_247.trskl	60c8215930949a3a0a29375382439060cb5cd49936a9a6253de2206a2379ca20	5	1	agree	4.371138828673793e-08	4.371138828673793e-08
bin/chara/data/item/item_248/item_248.trskl	eda7df912ea2005d26440eebd74a51b4bce279b6747ff9b43aab301e7ecca957	5	1	agree	4.371138828673793e-08	4.371138828673793e-08
bin/chara/data/item/item_249/item_249.trskl	d29d5bba5fd0b1a7e5e1a77916c946743c88b586a56702e11b2e591d4a27a416	5	1	agree	4.371138828673793e-08	4.371138828673793e-08
bin/chara/data/item/item_250/item_250.trskl	172edf58b17184c2856b7c4b568bbeb94d72f34878e435a190d1bbc638095dc9	5	1	agree	4.371138828673793e-08	4.371138828673793e-08
bin/chara/data/item/item_251/item_251.trskl	08b8d719904a2a182e4bf48120658141bee20c3c95f4c0c40566e9a1c876a9ea	5	1	agree	4.371138828673793e-08	4.371138828673793e-08
bin/chara/data/item/item_252/item_252.trskl	61c281304a6291e8b49045abd242fbc7175674bbf3f18c60b7888195c8372c49	5	1	agree	4.371138828673793e-08	4.371138828673793e-08
bin/chara/data/item/item_253/item_253.trskl	0ab66fc93a352467118b1cfedd1de0ac34c1896310a38057b2057864cb17fc88	5	1	agree	4.371138828673793e-08	4.371138828673793e-08
bin/chara/data/item/item_254/item_254.trskl	a10ffbb7429abe1aa073ac485e54e1bb121676ca0d65cb821d1393bd7ab925a1	5	1	agree	4.371138828673793e-08	4.371138828673793e-08
bin/chara/data/item/item_255/item_255.trskl	c783a51e0ad1e09f6f7837451f24bde6d442d1f6eba06f91986319705e965161	20	16	agree	1.9932402040012676e-07	1.9371509552001953e-07
bin/chara/data/item/item_256/item_256.trskl	b9558453f9a475c7e1f3fca52f8c22a52e7c85095b634cfcc775931cdec4a5fb	20	16	agree	1.9932402040012676e-07	1.9371509552001953e-07
bin/chara/data/item/item_257/item_257.trskl	368b3bb14edfc5fa41be52fd490ba014060168769bf02066acba9fcb7563dfaf	20	16	agree	1.9932402040012676e-07	1.9371509552001953e-07
bin/chara/data/item/item_258/item_258.trskl	5ea2013c59f3ab60437c1895f44c5e426e32dba38e7f2d6e4ef4c8b80c676d9f	20	16	agree	1.9932402040012676e-07	1.9371509552001953e-07
bin/chara/data/item/item_259/item_259.trskl	5fc03af0225d95721cc067a37d4c58867f70ecb1921094ba5752b5e4ae692a27	20	16	agree	1.9932402040012676e-07	1.9371509552001953e-07
bin/chara/data/item/item_260/item_260.trskl	a60cb89238ebf9b3932964524257b667fe3a6d8e4368afb7bdb1b59af1e86376	5	1	agree	4.371138828673793e-08	4.371138828673793e-08
bin/chara/data/item/item_261/item_261.trskl	942bc2dd972948aa89a104af2fec484af1d9c78cc881db1f9e40bf0657a97ea3	5	1	agree	4.371138828673793e-08	4.371138828673793e-08
bin/chara/data/item/item_262/item_262.trskl	ac53038c70def00c108a16289d30d5af50285a9d3c11ab1ef6e36abe17d0a9c9	5	1	agree	4.371138828673793e-08	4.371138828673793e-08
bin/chara/data/item/item_263/item_263.trskl	8918cf5a54d903cb2283ad534beedf869999e1a575c68b04ec125cf982c097df	5	1	agree	4.371138828673793e-08	4.371138828673793e-08
bin/chara/data/item/item_264/item_264.trskl	a2d54000cf3fe7a32a36c5e79841398ce54bb3c71d26b674e7a2b8c93eca90d5	5	1	agree	4.371138828673793e-08	4.371138828673793e-08
bin/chara/data/item/item_265/item_265.trskl	e207430e35c726e41fdd47eea27f8b3587a9aa3f048847b77917136b509210c6	5	1	agree	4.371138828673793e-08	4.371138828673793e-08
bin/chara/data/item/item_266/item_266.trskl	6673e65a7fd5b388173a5559db292ad76ffd8fb0e1438a12cf326daaf6a476f1	5	1	agree	4.371138828673793e-08	4.371138828673793e-08
bin/chara/data/item/item_267/item_267.trskl	6cbf1a491dd375cd304bba0c0e049521444772509649f429c99a5e87dc55ac16	39	35	agree	1.341104507446289e-07	1.3688448063930991e-07
bin/chara/data/item/item_268/item_268.trskl	22ec9a2946683871fcf9fafaf2c65306d8daa2442f2329bacdc2cc78747f54e6	5	1	agree	4.371138828673793e-08	4.371138828673793e-08
bin/chara/data/item/item_269/item_269.trskl	4453725f4a2cf979157ddadab0c86fcf4e17187ea9cdaf247538f5dd84c9f422	5	1	agree	4.371138828673793e-08	4.371138828673793e-08
bin/chara/data/item/item_270/item_270.trskl	3a113af0eb0b10a315ef5bcee1f4b2ce0dd56855cb39d4ec16ef044f16429f9a	5	1	agree	4.371138828673793e-08	4.371138828673793e-08
bin/chara/data/item/item_271/item_271.trskl	9b580789c0dd08f0042c528b56fc020045fb5b8f33fac8b78299ca97657a88c1	5	1	agree	4.371138828673793e-08	4.371138828673793e-08
bin/chara/data/item/item_272/item_272.trskl	5f132b365bd8d5cf9030de34eb0193a0717669b4ea86b040f2f0471e97cd8517	5	1	agree	4.371138828673793e-08	4.371138828673793e-08
bin/chara/data/item/item_301/item_301.trskl	ce464ccc783ab55143a4826d66e3ff51eb8e9478fe882164fd1617331bd3248e	5	1	agree	4.371138828673793e-08	4.371138828673793e-08
bin/chara/data/item/item_302/item_302.trskl	e374be1cc0cf241231abd6713a01d01546554b2f687c0e90e25b6c8c9e0c0dc5	5	1	agree	4.371138828673793e-08	4.371138828673793e-08
bin/chara/data/item/item_303/item_303.trskl	772b2005249f191d9272b126553e99af9496b6bc3704f4b4b9983e82c6bcfafd	5	1	agree	4.371138828673793e-08	4.371138828673793e-08
bin/chara/data/item/item_304/item_304.trskl	aa690f74ad77a00787c21693179aab6ee486a4712bdaa7a04a6867ea247e7bab	5	1	agree	4.371138828673793e-08	4.371138828673793e-08
bin/chara/data/item/item_305/item_305.trskl	5aa264cf14edd17a8ee411693e27bb1a4520a3033c8d8c1b36c20afb3d8be764	5	1	agree	4.371138828673793e-08	4.371138828673793e-08
bin/chara/data/item/item_306/item_306.trskl	9acdbb934b9043ac5dad538b2ba3d09c401bdf0c4d8935b930924d558f12feb8	5	1	agree	4.371138828673793e-08	4.371138828673793e-08
bin/chara/data/item/item_307/item_307.trskl	76f7aca561c924c2d9c054ee4fa58bfffcfd48ce0719866dfc3345c170838cef	5	1	agree	4.371138828673793e-08	4.371138828673793e-08
bin/chara/data/item/item_308/item_308.trskl	6b536f863523e7473224ee8ab322a8c0edf412a77641d185067c8d37d5456e10	5	1	agree	4.371138828673793e-08	4.371138828673793e-08
bin/chara/data/item/item_309/item_309.trskl	580461083900c581520e156ccf76b7d93c6a9615a56ab0540511f85e416cea8d	5	1	agree	4.371138828673793e-08	4.371138828673793e-08
bin/chara/data/item/item_310/item_310.trskl	c93b29d1d758607bea780b608616a1977e70f305f7de8b8140d67362954d0f04	5	1	agree	4.371138828673793e-08	4.371138828673793e-08
bin/chara/data/item/item_311/item_311.trskl	e43072bfe97a87a3f1f5578076d176c4d431d39fae170a3baf4eb0485029699c	5	1	agree	4.371138828673793e-08	4.371138828673793e-08
bin/chara/data/item/item_312/item_312.trskl	1b1b0de8c1157bb937cc478fdd541a8974953ef6d1f78997a62c77fed11f70e0	5	1	agree	4.371138828673793e-08	4.371138828673793e-08
bin/chara/data/item/item_313/item_313.trskl	c670c1e02b8e319cb7971cbf505342d4831dd8794a51026d86eff873631cfe5c	5	1	agree	4.371138828673793e-08	4.371138828673793e-08
bin/chara/data/item/item_314/item_314.trskl	81a82ffd88eb5cc5e2ef2e8cad97eacd512c2c2a5021ffe6c1d8f46131b9dbf6	5	1	agree	4.371138828673793e-08	4.371138828673793e-08
bin/chara/data/item/item_315/item_315.trskl	82c7c6c4f0898577e213bfdd971cbe714e854ff1a5890c1c3b0c8ca2a894c179	5	1	agree	4.371138828673793e-08	4.371138828673793e-08
bin/chara/data/item/item_316/item_316.trskl	96ccf8990b3bb54e1b189036d2cf13806243e9d658cea3c37c95612d9d09e4ea	5	1	agree	4.371138828673793e-08	4.371138828673793e-08
bin/chara/data/item/item_317/item_317.trskl	0aaef5d7b1be1ae5ce713580e9ff5d5768b30abe745e7301c7e73d983b29232f	5	1	agree	4.371138828673793e-08	4.371138828673793e-08
bin/chara/data/item/item_318/item_318.trskl	e80fe56568ff19580c6ecc8965d5debe619b2979753f47d23e049d4c2ab89c15	5	1	agree	4.371138828673793e-08	4.371138828673793e-08
bin/chara/data/item/item_319/item_319.trskl	512043f8824659e2f2bc29f18489715cdbd026b6706b622a8953ed666c65c0b0	5	1	agree	4.371138828673793e-08	4.371138828673793e-08
bin/chara/data/item/item_320/item_320.trskl	ac93c788c1127a6e227ce899d2eeb54d271ca1bfc71fca108b1405956517743c	5	1	agree	4.371138828673793e-08	4.371138828673793e-08
bin/chara/data/item/item_321/item_321.trskl	6452550ba37ae17aef1834a82459ce9f50c68da3198c8812150ba17faedfb90a	5	1	agree	4.371138828673793e-08	4.371138828673793e-08
bin/chara/data/item/item_322/item_322.trskl	db035cc100825506203022a73ee9d2d41e0bddfc0d76c29ac300e9959857cd46	5	1	agree	4.371138828673793e-08	4.371138828673793e-08
bin/chara/data/item/item_323/item_323.trskl	0d774c7aef86ed86b18f50d76d5a71310480c6949c4557abba24d7bf8cf137d0	8	1	agree	4.371138828673793e-08	4.371138828673793e-08
bin/chara/data/item/item_324/item_324.trskl	b6eb9807966075d7030f9c717c941beecd4d8dea9806d1779b76a1dc5c33d999	5	1	agree	4.371138828673793e-08	4.371138828673793e-08
bin/chara/data/item/item_325/item_325.trskl	27f740dac2debd8005d4c91ed88f2de3a82c79211b7cf233d70d9c9b29077026	5	1	agree	4.371138828673793e-08	4.371138828673793e-08
bin/chara/data/item/item_326/item_326.trskl	8ab1cd973c22385cd56c7166e0971922e22be1b5988d8165667589fcbcedd576	5	1	agree	4.371138828673793e-08	4.371138828673793e-08
bin/chara/data/item/item_327/item_327.trskl	6f0b20cc6fca9458ede84c6a0c2cf23959e65d2289fc44f6017bee632a5b8aad	5	1	agree	4.371138828673793e-08	4.371138828673793e-08
bin/chara/data/item/item_329/item_329.trskl	8371738f6d21df6f2376b767f8c2fa7b87daee4d4378b441263a4edbde847298	5	1	agree	4.371138828673793e-08	4.371138828673793e-08
bin/chara/data/item/item_401/item_401.trskl	903d25b1818d387ec5ee2a76c1680c28420001ccbdfd36124c4393811d488337	10	1	agree	4.371138828673793e-08	4.371138828673793e-08
bin/chara/data/item/item_402/item_402.trskl	fa4398309cd597b7260a064e0a92ed5fe913504e2da4bce5f2e3cdd9def3500e	5	1	agree	4.371138828673793e-08	4.371138828673793e-08
bin/chara/data/item/item_403/item_403.trskl	66dca492a13484e37c3110ee4a26c0142d1438bb492a01b631214029b6a7249a	6	1	agree	4.371138828673793e-08	4.371138828673793e-08
bin/chara/data/item/item_404/item_404.trskl	0023cae26dc2b41b240fbf9ffca0178640520a3bae9623d0705bfd2293adaccf	5	1	agree	4.371138828673793e-08	4.371138828673793e-08
bin/chara/data/item/item_405/item_405.trskl	2b4684333d952dfeb2e383c4c05b35429ce3ee97d7faf6abd375013da7fa3a27	6	1	agree	4.371138828673793e-08	4.371138828673793e-08
bin/chara/data/item/item_406/item_406.trskl	a1c0ec33cafda1c570897b534998ba12d28d343f660080fbea1b48afe85299ed	7	1	agree	4.371138828673793e-08	4.371138828673793e-08
bin/chara/data/item/item_407/item_407.trskl	08bc3612ccbed0b04b71db3dc53168ebd926b60195382b92ceb8e1063d5cc4fb	6	1	agree	4.371138828673793e-08	4.371138828673793e-08
bin/chara/data/item/item_408/item_408.trskl	c02ecb8fe9a8cde3c789dd77aee245a1d07b00eb019a4cd74741c2732e18a763	8	1	agree	4.371138828673793e-08	4.371138828673793e-08
bin/chara/data/item/item_409/item_409.trskl	dabdcd3a045af4653f1bad9911e598833272640595277e0238140f57c45f609e	6	1	agree	4.371138828673793e-08	4.371138828673793e-08
bin/chara/data/item/item_410/item_410.trskl	aca1a0ad99f3280e03177dd425c842654c5cebeab8f26f4be4fafddb1ff4227c	6	1	agree	4.371138828673793e-08	4.371138828673793e-08
bin/chara/data/item/item_411/item_411.trskl	02634e8e465ca5aaff4e09f4c3ae00ab2dfafea896e4afd0deab19e8bdedbc58	7	1	agree	4.371138828673793e-08	4.371138828673793e-08
bin/chara/data/item/item_412/item_412.trskl	b890ce35051bc67d29daeb7b16946dba7081c250afaba11e4ef8aeec1c3c0a75	5	1	agree	4.371138828673793e-08	4.371138828673793e-08
bin/chara/data/item/item_413/item_413.trskl	eb3c74b3c01bc57f0db3dd49d1894e232caabd165fbdd00aa710401eb5adcee9	5	1	agree	4.371138828673793e-08	4.371138828673793e-08
bin/chara/data/item/item_414/item_414.trskl	e025178451224f975d0fe5e66d68d186fe5fcd2cdc4c39d71423c4303c1526ee	7	1	agree	4.371138828673793e-08	4.371138828673793e-08
bin/chara/data/item/item_415/item_415.trskl	6667acb023d086c926d186b575acc6b80305f7f7c3c968ec1884b6fd8cdd2c8f	6	1	agree	4.371138828673793e-08	4.371138828673793e-08
bin/chara/data/item/item_kinoko01/item_kinoko01.trskl	9fbd2e09af834c3cf51a353ede79241bed56dd2a70f317e950eef0d14bff8278	2	0	agree	0	0
bin/chara/data/item/item_kinoko02/item_kinoko02.trskl	c07a4a12bdd1869e855fd85532d3fcd92554538f6078bfce2ea85e81b11f9cf4	2	0	agree	0	0
bin/chara/data/item/item_kinoko03/item_kinoko03.trskl	8fc9ecc883bf1337309871afc01cd674756545bcf93932c2d2061d58a34427be	2	0	agree	0	0
bin/demo/graphic/ev/d110_area01_dam01/mdl/d110_area01_dam01.trskl	1562698b862dc0caf5e59a2427398fc9e43abc1212f1aeecf8b304dd3bad91a2	6	0	agree	0	0
bin/demo/graphic/ev/d110_area01_kingtree01/mdl/d110_area01_kingtree01.trskl	f8b1c342adcb19e5fce7d781870d20185deb91456623076d620ceb51d7a16e36	11	0	agree	0	0
bin/demo/graphic/ev/d110_area01_water01/mdl/d110_area01_water01.trskl	441a9a9382745c05469c7871cc7a37cf04399e2770b0bac0e922b791565188d6	4	0	agree	0	0
bin/demo/graphic/ev/d110_area01_water03/mdl/d110_area01_water03.trskl	d1d691e3ae4be1c9a8f94d1fd9f3e6d518644482f166f945f455824477c95948	7	0	agree	0	0
bin/demo/graphic/ev/d110_gimmick_rock02/mdl/d110_gimmick_rock02.trskl	f56ef3620711fc3129f9d19f6c8babfc08b6c862d400857e64483392a2459532	8	0	agree	0	0
bin/demo/graphic/ev/d110_rock04_gray/mdl/d110_rock04_gray.trskl	be686269622326faeb56f97f0fa12e1f915f9f5f729120d6786e15af48682f85	4	0	agree	0	0
bin/demo/graphic/ev/d110_rock06_gray/mdl/d110_rock06_gray.trskl	5cb0da359b7e0350634e6b387642a4074d097556789647c001f65cd35ac77669	4	0	agree	0	0
bin/demo/graphic/ev/d110_rock07_gray/mdl/d110_rock07_gray.trskl	2ddeeef618dbf911ebd52f327a82c1ac6d54d48d2f21e8ec7cf1ad06ba1fbadb	4	0	agree	0	0
bin/demo/graphic/ev/d110_rock08_gray/mdl/d110_rock08_gray.trskl	36e7f95e964938701408902aa7939ff787a17692c993e4bb44969a8becf124c3	4	0	agree	0	0
bin/demo/graphic/ev/d110_rock09_gray/mdl/d110_rock09_gray.trskl	b7a9677cd987fa188d8295dddb516fb6ed16142f14214913398f3ea374ca2584	4	0	agree	0	0
bin/demo/graphic/ev/d110_rock12_gray/mdl/d110_rock12_gray.trskl	da325be17e9385413731a88727c9758beffed848c3ce66188546f0d133d88531	4	0	agree	0	0
bin/demo/graphic/ev/d110_rock13_gray/mdl/d110_rock13_gray.trskl	5da74a72b70e470a260f3a13eb914a69844e3233de892dd86425d6d8f5e0a004	4	0	agree	0	0
bin/demo/graphic/ev/d120/d120_loc01_Lightanim/mdl/d120_loc01_lightanim.trskl	28d71ae1619a075d82b781b07a5acdb2d6bd733fc33686f59ee8fb76579c94c9	3	0	agree	0	0
bin/demo/graphic/ev/d120/objects_area01_tree01/mdl/objects_area01_tree01.trskl	cac38b5dfae94b1bc349115de2c076c4913c8789d0fc703fcfc566f2dd0c075f	3	0	agree	0	0
bin/demo/graphic/ev/d120/objects_area01_tree02/mdl/objects_area01_tree02.trskl	7bb5e626c63384b291ab9ec19bda720ceda5911cee886f0152c7c793c02fdd8a	3	0	agree	0	0
bin/demo/graphic/ev/d130/plants_area02_grass04/mdl/plants_area02_grass04.trskl	3ad50fdedb96e3765d87090198493c4bac1d5efc4a998458e7edf4aacc7db008	90	0	agree	0	0
bin/demo/graphic/ev/d150/d150_kingtree/mdl/d150_kingtree.trskl	d3fe4533e981a08756a4e43655023d092d7848323eddc60b9b6f68bdd5206554	13	5	agree	1.1920928955078125e-06	1.1920928955078125e-06
bin/demo/graphic/ev/d160/d160_backsnow/mdl/d160_backsnow.trskl	3089341d0fb80b1f50290a70e2ead079ba17c3e2ef7c57bc70496ccab1196e5b	18	0	agree	0	0
bin/demo/graphic/ev/d210/d210_chain_broken/mdl/d210_chain_broken.trskl	480dc566ca25fd4aeb846c5417d53f534d36fde99046b6dd96abc3041dc6bee8	3	0	agree	0	0
bin/demo/graphic/ev/d220/d220_area04_building01/mdl/d220_area04_building01.trskl	7f5c1c068aef418108ace9db33bb1c8c68ff903c0f516b4f1d6a3f3cacc4184d	17	0	agree	0	0
bin/demo/graphic/ev/d220/d220_area04_building01_a/mdl/d220_area04_building01_a.trskl	7fef95a79273202d78e2d7759c532d1c82cef3c472f27536394158af6f135f2b	5	0	agree	0	0
bin/demo/graphic/ev/d220/d220_area04_building01_broken/mdl/d220_area04_building01_broken.trskl	48a8e056d23c41ab756ed8f454ee9d2487d25e7ed95c7c6643e6991b208ac12b	35	0	agree	0	0
bin/demo/graphic/ev/d220/d220_area04_vista01/mdl/d220_area04_vista01.trskl	2b5dca2dd02ed68363731db03190d798bf54e4497d21c9978aa1ef634440b77f	3	0	agree	0	0
bin/demo/graphic/sd/sd9010/bg_clear01/mdl/sd9010_bg_clear01.trskl	d38136fc0a1bc264046cf570bb7bacb37fa7db09b8e0a205c4065597b29faf1e	3	0	agree	0	0
bin/demo/graphic/sd/sd9010/bg_clear02/mdl/sd9010_bg_clear02.trskl	010421c7929228799e40932b0a1fb0aeff5726884a8382bf62a7745a885a1010	3	0	agree	0	0
bin/demo/graphic/sd/sd9010/bg_clear03/mdl/sd9010_bg_clear03.trskl	d2f78e0dd98029e6c3746efca012da8a9320ec054da9881f3a7cbdab0180a4f5	3	0	agree	0	0
bin/demo/graphic/sd/sd9010/bg_clear04/mdl/sd9010_bg_clear04.trskl	cceaf10203011c437ef53263bed9796b30aa415bd3eb4edcafb5498e587461bb	3	0	agree	0	0
bin/demo/graphic/sd/sd9010/bg_main01/mdl/sd9010_bg_main01.trskl	fa2e67d9e8ce4ceca7293f2c0ad880d2f329cbac66572dcfc8e38f7c0c55ba8f	4	0	agree	0	0
bin/demo/graphic/sd/sd9010/bg_main01_a/mdl/sd9010_bg_main01_a.trskl	02c9e4d6336287499e15059e1d31c2cd54c560b1e034eaf5e5907128a12afce8	4	0	agree	0	0
bin/demo/graphic/sd/sd9010/bg_main02/mdl/sd9010_bg_main02.trskl	8528a7d961392077990c6b907e258fd7fddc3200dbbf6e396887d55677029efc	4	0	agree	0	0
bin/demo/graphic/sd/sd9010/bg_main03/mdl/sd9010_bg_main03.trskl	171a525cd2d7b7a68ddb6cd3f8e629f679ba06eaba627e35a0aa08eff5053322	4	0	agree	0	0
bin/demo/graphic/sd/sd9010/bg_main04/mdl/sd9010_bg_main04.trskl	746011325b429663354012f32ddab54c7dcf277d5fe361cd94f9b33d524511a3	4	0	agree	0	0
bin/demo/graphic/sd/sd9010/bg_main05/mdl/sd9010_bg_main05.trskl	82e09f7f9e96e2f3e416753c3a9e241a496a8f375026f112df60c7aa65c4c91c	4	0	agree	0	0
bin/demo/graphic/sd/sd9010/bg_main05_a/mdl/sd9010_bg_main05_a.trskl	9712ef7f7c92d125101aea0cc98da2a6b9afd5c6bc0111a0b5c0f672354b4d2d	4	0	agree	0	0
bin/demo/graphic/sd/sd9010/bg_main06/mdl/sd9010_bg_main06.trskl	1c731592ee1573f07f4ac6d34cd8e04f6e5a508829a38e2f2c712e4634b6b8aa	4	0	agree	0	0
bin/demo/graphic/sd/sd9010/bg_main07/mdl/sd9010_bg_main07.trskl	684209dc0bd0b040a9796c2d7799b62f8dafa514c6510c28c8a2c522c15c72bf	4	0	agree	0	0
bin/demo/graphic/sd/sd9150/sd9150_mysterygift/mdl/sd9150_mysterygift.trskl	623aa68d65d807cb10c29eb91bdada671071c7783d95401d6d6de02a49936a95	14	10	agree	8.940696716308594e-08	8.940696716308594e-08
bin/demo/graphic/share/shr_locator01/mdl/shr_locator01.trskl	e30a275964f609a27ecc15779de1a7219f9335339dc8f99f5e781b2349335370	3	0	agree	0	0
bin/demo/graphic/share/shr_locator02/mdl/shr_locator02.trskl	02e3afd1e374d0cbf987668e422be1ca85f21295022ae9bed8df7cb42d6d1369	17	0	agree	0	0
bin/demo/graphic/share/shr_locator03/mdl/shr_locator03.trskl	bbe2f4b4ff492a4749efabd45b594ed2b2716b5e6bfe16dc23b4252d181199c4	9	0	agree	0	0
bin/demo/graphic/share/shr_white01/mdl/shr_white01.trskl	7deb4651452e48ac9b6be213f34624844919524812ad5e8e4e4f6f8a31ba44dd	3	0	agree	0	0
bin/field/model/pack/gimmick_atrtest_01.trskl	6b8f691331c89abfa49b11b9b6515f088bbaca6163fae11209365249250196ed	2	0	agree	0	0
bin/field/model/pack/gimmick_rock04_02.trskl	e21ed436c9d7ce792d50c6af8bd5abecb5776ce59944e87b464bf95673b7eda5	1	0	agree	0	0
bin/field/model/pack/gimmick_rock05_02.trskl	11943733bd8d2603453a9c55c16bd72bf15619098db0fd8b870ced2640a0da7d	1	0	agree	0	0
bin/field/model/pack/gimmick_rock05_03.trskl	5590eb8b42a53c5a9e4c85971405957ff1f1effeaf263534d658eaf21fc62cbf	1	0	agree	0	0
bin/field/model/pack/ground_area02_cliff01.trskl	f8c041acd08d06a4b7cd99cfd572dadf639149affba5a408290f765c99fb9d64	2	0	agree	0	0
bin/field/model/pack/ground_area03_cliff01.trskl	fa287462177792618fb18ddb7775505819cba0d90550c13e8b604a0b8aea4f04	2	0	agree	0	0
bin/field/model/pack/ground_area03_cliff02.trskl	36f59df8207f31fd39feebc648c349b973bf7ada6ee6ad466563dbf7b838bd00	2	0	agree	0	0
bin/field/model/pack/ground_area03_cliff03.trskl	658081f8924c7da7bdb8ad134c9712427e46d1b511b405a1a44ba829595c8344	2	0	agree	0	0
bin/field/model/pack/ground_area03_rock01.trskl	76d8eab9562884d2ad51b6ae93d3d0cb1ec37fc57621a1a1b1e7c9aafa5b222a	2	0	agree	0	0
bin/field/model/pack/ground_area03_shells01.trskl	c9568bd2b79d23d607f74774e57607d89ed77e478214f8cb866a28737947806a	2	0	agree	0	0
bin/field/model/pack/ground_area03_shells02.trskl	8df2b9fbaf2a4cef1c8af95488c83dbc8c1cfc1c7bc56c196a44c4186c5cc6cf	2	0	agree	0	0
bin/field/model/pack/ground_area05_cliff01.trskl	d7659fd1a1f963296f5ced7a26faaafe1f0e5caff89040ca137fd0e2d3249a3f	2	0	agree	0	0
bin/field/model/pack/ground_area05_icicle01.trskl	420dca4a00982fdad271be3d4460d03ee4d1ebad9b4a4bff7fd60a1eed40980b	2	0	agree	0	0
bin/field/model/pack/ground_area05_icicle02.trskl	ffac07a72794a1e83235974d38eb860776088c7f3b9895b2c5300eb0a600e380	2	0	agree	0	0
bin/field/model/pack/ground_area05_snow01.trskl	4628a0fa39c8f7f0b7a2673ba46aa438f5607ff82edd168eac03703f43658944	2	0	agree	0	0
bin/field/model/pack/ground_area05_snow02.trskl	6f3a6f5e0f03dda83682f9c5264a4efdf3b8cce798e84004310b7fb3b78c7999	2	0	agree	0	0
bin/field/model/pack/ground_cliff05_yellow.trskl	76b638e41c431657b4a1c1249ea626f6b5f09cce58fd6e89bd54462cc7941c0b	7	0	agree	0	0
bin/field/model/pack/ground_cliff06_yellow.trskl	51c620f061e70fc83c8603e7d048233651378173cbd0f974aef703c87c72257a	7	0	agree	0	0
bin/field/model/pack/ground_cliff11.trskl	da61ad2668f8ca873885d7ecbf47719094fb253dbbb9330f838df2234c62f68c	7	0	agree	0	0
bin/field/model/pack/ground_cliff12.trskl	241626543811e5d29315982063da19ccb1aac9cdc716894247f40efe6e602cf9	7	0	agree	0	0
bin/field/model/pack/ground_water02_puddle.trskl	3f2f89e58dbb70ecbb559b4717b6fa1949ff7d508eef13011db5ac94d2d870a2	2	0	agree	0	0
bin/field/model/pack/wall_area01_king02.trskl	501d825d87aac7988f99c8330bf516511ed71249d3bb8b019706a909be41006d	1	0	agree	0	0
