model	mesh	buffer	skeleton	shape	vertices	one	two	three	four	active_zero
bin/chara/data/item/item_100/item_100.trmdl	bin/chara/data/item/item_100/item_100.trmsh	bin/chara/data/item/item_100/item_100.trmbf	bin/chara/data/item/item_100/item_100.trskl	0	651	651	0	0	0	0
bin/chara/data/item/item_100/item_100.trmdl	bin/chara/data/item/item_100/item_100.trmsh	bin/chara/data/item/item_100/item_100.trmbf	bin/chara/data/item/item_100/item_100.trskl	1	458	458	0	0	0	0
bin/chara/data/item/item_101/item_101.trmdl	bin/chara/data/item/item_101/item_101.trmsh	bin/chara/data/item/item_101/item_101.trmbf	bin/chara/data/item/item_101/item_101.trskl	0	651	651	0	0	0	0
bin/chara/data/item/item_101/item_101.trmdl	bin/chara/data/item/item_101/item_101.trmsh	bin/chara/data/item/item_101/item_101.trmbf	bin/chara/data/item/item_101/item_101.trskl	1	458	458	0	0	0	0
bin/chara/data/item/item_102/item_102.trmdl	bin/chara/data/item/item_102/item_102.trmsh	bin/chara/data/item/item_102/item_102.trmbf	bin/chara/data/item/item_102/item_102.trskl	0	651	651	0	0	0	0
bin/chara/data/item/item_102/item_102.trmdl	bin/chara/data/item/item_102/item_102.trmsh	bin/chara/data/item/item_102/item_102.trmbf	bin/chara/data/item/item_102/item_102.trskl	1	458	458	0	0	0	0
bin/chara/data/item/item_103/item_103.trmdl	bin/chara/data/item/item_103/item_103.trmsh	bin/chara/data/item/item_103/item_103.trmbf	bin/chara/data/item/item_103/item_103.trskl	0	651	651	0	0	0	0
bin/chara/data/item/item_103/item_103.trmdl	bin/chara/data/item/item_103/item_103.trmsh	bin/chara/data/item/item_103/item_103.trmbf	bin/chara/data/item/item_103/item_103.trskl	1	458	458	0	0	0	0
bin/chara/data/item/item_104/item_104.trmdl	bin/chara/data/item/item_104/item_104.trmsh	bin/chara/data/item/item_104/item_104.trmbf	bin/chara/data/item/item_104/item_104.trskl	0	651	651	0	0	0	0
bin/chara/data/item/item_104/item_104.trmdl	bin/chara/data/item/item_104/item_104.trmsh	bin/chara/data/item/item_104/item_104.trmbf	bin/chara/data/item/item_104/item_104.trskl	1	458	458	0	0	0	0
bin/chara/data/item/item_105/item_105.trmdl	bin/chara/data/item/item_105/item_105.trmsh	bin/chara/data/item/item_105/item_105.trmbf	bin/chara/data/item/item_105/item_105.trskl	0	651	651	0	0	0	0
bin/chara/data/item/item_105/item_105.trmdl	bin/chara/data/item/item_105/item_105.trmsh	bin/chara/data/item/item_105/item_105.trmbf	bin/chara/data/item/item_105/item_105.trskl	1	458	458	0	0	0	0
bin/chara/data/item/item_106/item_106.trmdl	bin/chara/data/item/item_106/item_106.trmsh	bin/chara/data/item/item_106/item_106.trmbf	bin/chara/data/item/item_106/item_106.trskl	0	651	651	0	0	0	0
bin/chara/data/item/item_106/item_106.trmdl	bin/chara/data/item/item_106/item_106.trmsh	bin/chara/data/item/item_106/item_106.trmbf	bin/chara/data/item/item_106/item_106.trskl	1	458	458	0	0	0	0
bin/chara/data/item/item_106/item_106.trmdl	bin/chara/data/item/item_106/item_106.trmsh	bin/chara/data/item/item_106/item_106.trmbf	bin/chara/data/item/item_106/item_106.trskl	2	82	82	0	0	0	0
bin/chara/data/item/item_107/item_107.trmdl	bin/chara/data/item/item_107/item_107.trmsh	bin/chara/data/item/item_107/item_107.trmbf	bin/chara/data/item/item_107/item_107.trskl	0	651	651	0	0	0	0
bin/chara/data/item/item_107/item_107.trmdl	bin/chara/data/item/item_107/item_107.trmsh	bin/chara/data/item/item_107/item_107.trmbf	bin/chara/data/item/item_107/item_107.trskl	1	458	458	0	0	0	0
bin/chara/data/item/item_107/item_107.trmdl	bin/chara/data/item/item_107/item_107.trmsh	bin/chara/data/item/item_107/item_107.trmbf	bin/chara/data/item/item_107/item_107.trskl	2	82	82	0	0	0	0
bin/chara/data/item/item_108/item_108.trmdl	bin/chara/data/item/item_108/item_108.trmsh	bin/chara/data/item/item_108/item_108.trmbf	bin/chara/data/item/item_108/item_108.trskl	0	651	651	0	0	0	0
bin/chara/data/item/item_108/item_108.trmdl	bin/chara/data/item/item_108/item_108.trmsh	bin/chara/data/item/item_108/item_108.trmbf	bin/chara/data/item/item_108/item_108.trskl	1	458	458	0	0	0	0
bin/chara/data/item/item_108/item_108.trmdl	bin/chara/data/item/item_108/item_108.trmsh	bin/chara/data/item/item_108/item_108.trmbf	bin/chara/data/item/item_108/item_108.trskl	2	82	82	0	0	0	0
bin/chara/data/item/item_109/item_109.trmdl	bin/chara/data/item/item_109/item_109.trmsh	bin/chara/data/item/item_109/item_109.trmbf	bin/chara/data/item/item_109/item_109.trskl	0	451	451	0	0	0	0
bin/chara/data/item/item_109/item_109.trmdl	bin/chara/data/item/item_109/item_109.trmsh	bin/chara/data/item/item_109/item_109.trmbf	bin/chara/data/item/item_109/item_109.trskl	1	278	278	0	0	0	0
bin/chara/data/item/item_201/item_201.trmdl	bin/chara/data/item/item_201/item_201.trmsh	bin/chara/data/item/item_201/item_201.trmbf	bin/chara/data/item/item_201/item_201.trskl	0	279	279	0	0	0	279
bin/chara/data/item/item_202/item_202.trmdl	bin/chara/data/item/item_202/item_202.trmsh	bin/chara/data/item/item_202/item_202.trmbf	bin/chara/data/item/item_202/item_202.trskl	0	1056	1056	0	0	0	1056
bin/chara/data/item/item_203/item_203.trmdl	bin/chara/data/item/item_203/item_203.trmsh	bin/chara/data/item/item_203/item_203.trmbf	bin/chara/data/item/item_203/item_203.trskl	0	332	332	0	0	0	332
bin/chara/data/item/item_204/item_204.trmdl	bin/chara/data/item/item_204/item_204.trmsh	bin/chara/data/item/item_204/item_204.trmbf	bin/chara/data/item/item_204/item_204.trskl	0	372	372	0	0	0	372
bin/chara/data/item/item_205/item_205.trmdl	bin/chara/data/item/item_205/item_205.trmsh	bin/chara/data/item/item_205/item_205.trmbf	bin/chara/data/item/item_205/item_205.trskl	0	342	342	0	0	0	342
bin/chara/data/item/item_206/item_206.trmdl	bin/chara/data/item/item_206/item_206.trmsh	bin/chara/data/item/item_206/item_206.trmbf	bin/chara/data/item/item_206/item_206.trskl	0	441	441	0	0	0	441
bin/chara/data/item/item_207/item_207.trmdl	bin/chara/data/item/item_207/item_207.trmsh	bin/chara/data/item/item_207/item_207.trmbf	bin/chara/data/item/item_207/item_207.trskl	0	441	441	0	0	0	441
bin/chara/data/item/item_208/item_208.trmdl	bin/chara/data/item/item_208/item_208.trmsh	bin/chara/data/item/item_208/item_208.trmbf	bin/chara/data/item/item_208/item_208.trskl	0	441	441	0	0	0	441
bin/chara/data/item/item_209/item_209.trmdl	bin/chara/data/item/item_209/item_209.trmsh	bin/chara/data/item/item_209/item_209.trmbf	bin/chara/data/item/item_209/item_209.trskl	0	441	441	0	0	0	441
bin/chara/data/item/item_210/item_210.trmdl	bin/chara/data/item/item_210/item_210.trmsh	bin/chara/data/item/item_210/item_210.trmbf	bin/chara/data/item/item_210/item_210.trskl	0	441	441	0	0	0	441
bin/chara/data/item/item_211/item_211.trmdl	bin/chara/data/item/item_211/item_211.trmsh	bin/chara/data/item/item_211/item_211.trmbf	bin/chara/data/item/item_211/item_211.trskl	0	754	754	0	0	0	754
bin/chara/data/item/item_212/item_212.trmdl	bin/chara/data/item/item_212/item_212.trmsh	bin/chara/data/item/item_212/item_212.trmbf	bin/chara/data/item/item_212/item_212.trskl	0	975	975	0	0	0	975
bin/chara/data/item/item_216/item_216.trmdl	bin/chara/data/item/item_216/item_216.trmsh	bin/chara/data/item/item_216/item_216.trmbf	bin/chara/data/item/item_216/item_216.trskl	0	1065	1065	0	0	0	1065
bin/chara/data/item/item_217/item_217.trmdl	bin/chara/data/item/item_217/item_217.trmsh	bin/chara/data/item/item_217/item_217.trmbf	bin/chara/data/item/item_217/item_217.trskl	0	1065	1065	0	0	0	1065
bin/chara/data/item/item_218/item_218.trmdl	bin/chara/data/item/item_218/item_218.trmsh	bin/chara/data/item/item_218/item_218.trmbf	bin/chara/data/item/item_218/item_218.trskl	0	1065	1065	0	0	0	1065
bin/chara/data/item/item_219/item_219.trmdl	bin/chara/data/item/item_219/item_219.trmsh	bin/chara/data/item/item_219/item_219.trmbf	bin/chara/data/item/item_219/item_219.trskl	0	1065	1065	0	0	0	1065
bin/chara/data/item/item_220/item_220.trmdl	bin/chara/data/item/item_220/item_220.trmsh	bin/chara/data/item/item_220/item_220.trmbf	bin/chara/data/item/item_220/item_220.trskl	0	1065	1065	0	0	0	1065
bin/chara/data/item/item_221/item_221.trmdl	bin/chara/data/item/item_221/item_221.trmsh	bin/chara/data/item/item_221/item_221.trmbf	bin/chara/data/item/item_221/item_221.trskl	0	1065	1065	0	0	0	1065
bin/chara/data/item/item_222/item_222.trmdl	bin/chara/data/item/item_222/item_222.trmsh	bin/chara/data/item/item_222/item_222.trmbf	bin/chara/data/item/item_222/item_222.trskl	0	1065	1065	0	0	0	1065
bin/chara/data/item/item_223/item_223.trmdl	bin/chara/data/item/item_223/item_223.trmsh	bin/chara/data/item/item_223/item_223.trmbf	bin/chara/data/item/item_223/item_223.trskl	0	24	24	0	0	0	24
bin/chara/data/item/item_224/item_224.trmdl	bin/chara/data/item/item_224/item_224.trmsh	bin/chara/data/item/item_224/item_224.trmbf	bin/chara/data/item/item_224/item_224.trskl	0	32	32	0	0	0	32
bin/chara/data/item/item_224/item_224.trmdl	bin/chara/data/item/item_224/item_224.trmsh	bin/chara/data/item/item_224/item_224.trmbf	bin/chara/data/item/item_224/item_224.trskl	1	130	130	0	0	0	130
bin/chara/data/item/item_224/item_224.trmdl	bin/chara/data/item/item_224/item_224.trmsh	bin/chara/data/item/item_224/item_224.trmbf	bin/chara/data/item/item_224/item_224.trskl	2	18	18	0	0	0	18
bin/chara/data/item/item_224/item_224.trmdl	bin/chara/data/item/item_224/item_224.trmsh	bin/chara/data/item/item_224/item_224.trmbf	bin/chara/data/item/item_224/item_224.trskl	3	61	61	0	0	0	61
bin/chara/data/item/item_224/item_224.trmdl	bin/chara/data/item/item_224/item_224.trmsh	bin/chara/data/item/item_224/item_224.trmbf	bin/chara/data/item/item_224/item_224.trskl	4	40	40	0	0	0	40
bin/chara/data/item/item_225/item_225.trmdl	bin/chara/data/item/item_225/item_225.trmsh	bin/chara/data/item/item_225/item_225.trmbf	bin/chara/data/item/item_225/item_225.trskl	0	30	30	0	0	0	30
bin/chara/data/item/item_225/item_225.trmdl	bin/chara/data/item/item_225/item_225.trmsh	bin/chara/data/item/item_225/item_225.trmbf	bin/chara/data/item/item_225/item_225.trskl	1	611	611	0	0	0	611
bin/chara/data/item/item_225/item_225.trmdl	bin/chara/data/item/item_225/item_225.trmsh	bin/chara/data/item/item_225/item_225.trmbf	bin/chara/data/item/item_225/item_225.trskl	2	26	26	0	0	0	26
bin/chara/data/item/item_225/item_225.trmdl	bin/chara/data/item/item_225/item_225.trmsh	bin/chara/data/item/item_225/item_225.trmbf	bin/chara/data/item/item_225/item_225.trskl	3	200	200	0	0	0	200
bin/chara/data/item/item_225/item_225.trmdl	bin/chara/data/item/item_225/item_225.trmsh	bin/chara/data/item/item_225/item_225.trmbf	bin/chara/data/item/item_225/item_225.trskl	4	392	392	0	0	0	392
bin/chara/data/item/item_226/item_226.trmdl	bin/chara/data/item/item_226/item_226.trmsh	bin/chara/data/item/item_226/item_226.trmbf	bin/chara/data/item/item_226/item_226.trskl	0	331	331	0	0	0	331
bin/chara/data/item/item_227/item_227.trmdl	bin/chara/data/item/item_227/item_227.trmsh	bin/chara/data/item/item_227/item_227.trmbf	bin/chara/data/item/item_227/item_227.trskl	0	104	104	0	0	0	104
bin/chara/data/item/item_227/item_227.trmdl	bin/chara/data/item/item_227/item_227.trmsh	bin/chara/data/item/item_227/item_227.trmbf	bin/chara/data/item/item_227/item_227.trskl	1	817	817	0	0	0	817
bin/chara/data/item/item_228/item_228.trmdl	bin/chara/data/item/item_228/item_228.trmsh	bin/chara/data/item/item_228/item_228.trmbf	bin/chara/data/item/item_228/item_228.trskl	0	2046	2046	0	0	0	0
bin/chara/data/item/item_229/item_229.trmdl	bin/chara/data/item/item_229/item_229.trmsh	bin/chara/data/item/item_229/item_229.trmbf	bin/chara/data/item/item_229/item_229.trskl	0	334	334	0	0	0	0
bin/chara/data/item/item_229/item_229.trmdl	bin/chara/data/item/item_229/item_229.trmsh	bin/chara/data/item/item_229/item_229.trmbf	bin/chara/data/item/item_229/item_229.trskl	1	528	528	0	0	0	0
bin/chara/data/item/item_229/item_229.trmdl	bin/chara/data/item/item_229/item_229.trmsh	bin/chara/data/item/item_229/item_229.trmbf	bin/chara/data/item/item_229/item_229.trskl	2	105	105	0	0	0	0
bin/chara/data/item/item_229/item_229.trmdl	bin/chara/data/item/item_229/item_229.trmsh	bin/chara/data/item/item_229/item_229.trmbf	bin/chara/data/item/item_229/item_229.trskl	3	107	107	0	0	0	0
bin/chara/data/item/item_230/item_230.trmdl	bin/chara/data/item/item_230/item_230.trmsh	bin/chara/data/item/item_230/item_230.trmbf	bin/chara/data/item/item_230/item_230.trskl	0	76	76	0	0	0	76
bin/chara/data/item/item_231/item_231.trmdl	bin/chara/data/item/item_231/item_231.trmsh	bin/chara/data/item/item_231/item_231.trmbf	bin/chara/data/item/item_231/item_231.trskl	0	76	76	0	0	0	76
bin/chara/data/item/item_232/item_232.trmdl	bin/chara/data/item/item_232/item_232.trmsh	bin/chara/data/item/item_232/item_232.trmbf	bin/chara/data/item/item_232/item_232.trskl	0	76	76	0	0	0	76
bin/chara/data/item/item_233/item_233.trmdl	bin/chara/data/item/item_233/item_233.trmsh	bin/chara/data/item/item_233/item_233.trmbf	bin/chara/data/item/item_233/item_233.trskl	0	76	76	0	0	0	76
bin/chara/data/item/item_234/item_234.trmdl	bin/chara/data/item/item_234/item_234.trmsh	bin/chara/data/item/item_234/item_234.trmbf	bin/chara/data/item/item_234/item_234.trskl	0	76	76	0	0	0	76
bin/chara/data/item/item_235/item_235.trmdl	bin/chara/data/item/item_235/item_235.trmsh	bin/chara/data/item/item_235/item_235.trmbf	bin/chara/data/item/item_235/item_235.trskl	0	76	76	0	0	0	76
bin/chara/data/item/item_236/item_236.trmdl	bin/chara/data/item/item_236/item_236.trmsh	bin/chara/data/item/item_236/item_236.trmbf	bin/chara/data/item/item_236/item_236.trskl	0	76	76	0	0	0	76
bin/chara/data/item/item_237/item_237.trmdl	bin/chara/data/item/item_237/item_237.trmsh	bin/chara/data/item/item_237/item_237.trmbf	bin/chara/data/item/item_237/item_237.trskl	0	76	76	0	0	0	76
bin/chara/data/item/item_238/item_238.trmdl	bin/chara/data/item/item_238/item_238.trmsh	bin/chara/data/item/item_238/item_238.trmbf	bin/chara/data/item/item_238/item_238.trskl	0	76	76	0	0	0	76
bin/chara/data/item/item_239/item_239.trmdl	bin/chara/data/item/item_239/item_239.trmsh	bin/chara/data/item/item_239/item_239.trmbf	bin/chara/data/item/item_239/item_239.trskl	0	76	76	0	0	0	76
bin/chara/data/item/item_240/item_240.trmdl	bin/chara/data/item/item_240/item_240.trmsh	bin/chara/data/item/item_240/item_240.trmbf	bin/chara/data/item/item_240/item_240.trskl	0	76	76	0	0	0	76
bin/chara/data/item/item_241/item_241.trmdl	bin/chara/data/item/item_241/item_241.trmsh	bin/chara/data/item/item_241/item_241.trmbf	bin/chara/data/item/item_241/item_241.trskl	0	76	76	0	0	0	76
bin/chara/data/item/item_242/item_242.trmdl	bin/chara/data/item/item_242/item_242.trmsh	bin/chara/data/item/item_242/item_242.trmbf	bin/chara/data/item/item_242/item_242.trskl	0	76	76	0	0	0	76
bin/chara/data/item/item_243/item_243.trmdl	bin/chara/data/item/item_243/item_243.trmsh	bin/chara/data/item/item_243/item_243.trmbf	bin/chara/data/item/item_243/item_243.trskl	0	76	76	0	0	0	76
bin/chara/data/item/item_244/item_244.trmdl	bin/chara/data/item/item_244/item_244.trmsh	bin/chara/data/item/item_244/item_244.trmbf	bin/chara/data/item/item_244/item_244.trskl	0	76	76	0	0	0	76
bin/chara/data/item/item_245/item_245.trmdl	bin/chara/data/item/item_245/item_245.trmsh	bin/chara/data/item/item_245/item_245.trmbf	bin/chara/data/item/item_245/item_245.trskl	0	76	76	0	0	0	76
bin/chara/data/item/item_246/item_246.trmdl	bin/chara/data/item/item_246/item_246.trmsh	bin/chara/data/item/item_246/item_246.trmbf	bin/chara/data/item/item_246/item_246.trskl	0	76	76	0	0	0	76
bin/chara/data/item/item_247/item_247.trmdl	bin/chara/data/item/item_247/item_247.trmsh	bin/chara/data/item/item_247/item_247.trmbf	bin/chara/data/item/item_247/item_247.trskl	0	76	76	0	0	0	76
bin/chara/data/item/item_248/item_248.trmdl	bin/chara/data/item/item_248/item_248.trmsh	bin/chara/data/item/item_248/item_248.trmbf	bin/chara/data/item/item_248/item_248.trskl	0	215	215	0	0	0	215
bin/chara/data/item/item_249/item_249.trmdl	bin/chara/data/item/item_249/item_249.trmsh	bin/chara/data/item/item_249/item_249.trmbf	bin/chara/data/item/item_249/item_249.trskl	0	215	215	0	0	0	215
bin/chara/data/item/item_250/item_250.trmdl	bin/chara/data/item/item_250/item_250.trmsh	bin/chara/data/item/item_250/item_250.trmbf	bin/chara/data/item/item_250/item_250.trskl	0	215	215	0	0	0	215
bin/chara/data/item/item_251/item_251.trmdl	bin/chara/data/item/item_251/item_251.trmsh	bin/chara/data/item/item_251/item_251.trmbf	bin/chara/data/item/item_251/item_251.trskl	0	145	145	0	0	0	145
bin/chara/data/item/item_252/item_252.trmdl	bin/chara/data/item/item_252/item_252.trmsh	bin/chara/data/item/item_252/item_252.trmbf	bin/chara/data/item/item_252/item_252.trskl	0	251	251	0	0	0	251
bin/chara/data/item/item_253/item_253.trmdl	bin/chara/data/item/item_253/item_253.trmsh	bin/chara/data/item/item_253/item_253.trmbf	bin/chara/data/item/item_253/item_253.trskl	0	145	145	0	0	0	145
bin/chara/data/item/item_254/item_254.trmdl	bin/chara/data/item/item_254/item_254.trmsh	bin/chara/data/item/item_254/item_254.trmbf	bin/chara/data/item/item_254/item_254.trskl	0	1188	1188	0	0	0	1188
bin/chara/data/item/item_255/item_255.trmdl	bin/chara/data/item/item_255/item_255.trmsh	bin/chara/data/item/item_255/item_255.trmbf	bin/chara/data/item/item_255/item_255.trskl	0	1159	303	500	233	123	528
bin/chara/data/item/item_256/item_256.trmdl	bin/chara/data/item/item_256/item_256.trmsh	bin/chara/data/item/item_256/item_256.trmbf	bin/chara/data/item/item_256/item_256.trskl	0	1159	303	500	233	123	528
bin/chara/data/item/item_257/item_257.trmdl	bin/chara/data/item/item_257/item_257.trmsh	bin/chara/data/item/item_257/item_257.trmbf	bin/chara/data/item/item_257/item_257.trskl	0	1159	303	500	233	123	528
bin/chara/data/item/item_258/item_258.trmdl	bin/chara/data/item/item_258/item_258.trmsh	bin/chara/data/item/item_258/item_258.trmbf	bin/chara/data/item/item_258/item_258.trskl	0	1159	303	500	233	123	528
bin/chara/data/item/item_259/item_259.trmdl	bin/chara/data/item/item_259/item_259.trmsh	bin/chara/data/item/item_259/item_259.trmbf	bin/chara/data/item/item_259/item_259.trskl	0	1159	303	500	233	123	528
bin/chara/data/item/item_260/item_260.trmdl	bin/chara/data/item/item_260/item_260.trmsh	bin/chara/data/item/item_260/item_260.trmbf	bin/chara/data/item/item_260/item_260.trskl	0	1592	1592	0	0	0	1592
bin/chara/data/item/item_261/item_261.trmdl	bin/chara/data/item/item_261/item_261.trmsh	bin/chara/data/item/item_261/item_261.trmbf	bin/chara/data/item/item_261/item_261.trskl	0	1592	1592	0	0	0	1592
bin/chara/data/item/item_262/item_262.trmdl	bin/chara/data/item/item_262/item_262.trmsh	bin/chara/data/item/item_262/item_262.trmbf	bin/chara/data/item/item_262/item_262.trskl	0	1592	1592	0	0	0	1592
bin/chara/data/item/item_263/item_263.trmdl	bin/chara/data/item/item_263/item_263.trmsh	bin/chara/data/item/item_263/item_263.trmbf	bin/chara/data/item/item_263/item_263.trskl	0	1592	1592	0	0	0	1592
bin/chara/data/item/item_264/item_264.trmdl	bin/chara/data/item/item_264/item_264.trmsh	bin/chara/data/item/item_264/item_264.trmbf	bin/chara/data/item/item_264/item_264.trskl	0	1592	1592	0	0	0	1592
bin/chara/data/item/item_265/item_265.trmdl	bin/chara/data/item/item_265/item_265.trmsh	bin/chara/data/item/item_265/item_265.trmbf	bin/chara/data/item/item_265/item_265.trskl	0	1592	1592	0	0	0	1592
bin/chara/data/item/item_266/item_266.trmdl	bin/chara/data/item/item_266/item_266.trmsh	bin/chara/data/item/item_266/item_266.trmbf	bin/chara/data/item/item_266/item_266.trskl	0	1592	1592	0	0	0	1592
bin/chara/data/item/item_267/item_267.trmdl	bin/chara/data/item/item_267/item_267.trmsh	bin/chara/data/item/item_267/item_267.trmbf	bin/chara/data/item/item_267/item_267.trskl	0	2046	2046	0	0	0	0
bin/chara/data/item/item_268/item_268.trmdl	bin/chara/data/item/item_268/item_268.trmsh	bin/chara/data/item/item_268/item_268.trmbf	bin/chara/data/item/item_268/item_268.trskl	0	654	654	0	0	0	654
bin/chara/data/item/item_269/item_269.trmdl	bin/chara/data/item/item_269/item_269.trmsh	bin/chara/data/item/item_269/item_269.trmbf	bin/chara/data/item/item_269/item_269.trskl	0	504	504	0	0	0	504
bin/chara/data/item/item_270/item_270.trmdl	bin/chara/data/item/item_270/item_270.trmsh	bin/chara/data/item/item_270/item_270.trmbf	bin/chara/data/item/item_270/item_270.trskl	0	488	488	0	0	0	488
bin/chara/data/item/item_271/item_271.trmdl	bin/chara/data/item/item_271/item_271.trmsh	bin/chara/data/item/item_271/item_271.trmbf	bin/chara/data/item/item_271/item_271.trskl	0	746	746	0	0	0	746
bin/chara/data/item/item_272/item_272.trmdl	bin/chara/data/item/item_272/item_272.trmsh	bin/chara/data/item/item_272/item_272.trmbf	bin/chara/data/item/item_272/item_272.trskl	0	742	742	0	0	0	742
bin/chara/data/item/item_301/item_301.trmdl	bin/chara/data/item/item_301/item_301.trmsh	bin/chara/data/item/item_301/item_301.trmbf	bin/chara/data/item/item_301/item_301.trskl	0	616	616	0	0	0	616
bin/chara/data/item/item_302/item_302.trmdl	bin/chara/data/item/item_302/item_302.trmsh	bin/chara/data/item/item_302/item_302.trmbf	bin/chara/data/item/item_302/item_302.trskl	0	517	517	0	0	0	517
bin/chara/data/item/item_303/item_303.trmdl	bin/chara/data/item/item_303/item_303.trmsh	bin/chara/data/item/item_303/item_303.trmbf	bin/chara/data/item/item_303/item_303.trskl	0	505	505	0	0	0	505
bin/chara/data/item/item_304/item_304.trmdl	bin/chara/data/item/item_304/item_304.trmsh	bin/chara/data/item/item_304/item_304.trmbf	bin/chara/data/item/item_304/item_304.trskl	0	532	532	0	0	0	532
bin/chara/data/item/item_305/item_305.trmdl	bin/chara/data/item/item_305/item_305.trmsh	bin/chara/data/item/item_305/item_305.trmbf	bin/chara/data/item/item_305/item_305.trskl	0	308	308	0	0	0	308
bin/chara/data/item/item_306/item_306.trmdl	bin/chara/data/item/item_306/item_306.trmsh	bin/chara/data/item/item_306/item_306.trmbf	bin/chara/data/item/item_306/item_306.trskl	0	350	350	0	0	0	350
bin/chara/data/item/item_307/item_307.trmdl	bin/chara/data/item/item_307/item_307.trmsh	bin/chara/data/item/item_307/item_307.trmbf	bin/chara/data/item/item_307/item_307.trskl	0	346	346	0	0	0	346
bin/chara/data/item/item_308/item_308.trmdl	bin/chara/data/item/item_308/item_308.trmsh	bin/chara/data/item/item_308/item_308.trmbf	bin/chara/data/item/item_308/item_308.trskl	0	441	441	0	0	0	441
bin/chara/data/item/item_309/item_309.trmdl	bin/chara/data/item/item_309/item_309.trmsh	bin/chara/data/item/item_309/item_309.trmbf	bin/chara/data/item/item_309/item_309.trskl	0	431	431	0	0	0	431
bin/chara/data/item/item_310/item_310.trmdl	bin/chara/data/item/item_310/item_310.trmsh	bin/chara/data/item/item_310/item_310.trmbf	bin/chara/data/item/item_310/item_310.trskl	0	428	428	0	0	0	428
bin/chara/data/item/item_311/item_311.trmdl	bin/chara/data/item/item_311/item_311.trmsh	bin/chara/data/item/item_311/item_311.trmbf	bin/chara/data/item/item_311/item_311.trskl	0	267	267	0	0	0	267
bin/chara/data/item/item_312/item_312.trmdl	bin/chara/data/item/item_312/item_312.trmsh	bin/chara/data/item/item_312/item_312.trmbf	bin/chara/data/item/item_312/item_312.trskl	0	683	683	0	0	0	683
bin/chara/data/item/item_313/item_313.trmdl	bin/chara/data/item/item_313/item_313.trmsh	bin/chara/data/item/item_313/item_313.trmbf	bin/chara/data/item/item_313/item_313.trskl	0	944	944	0	0	0	944
bin/chara/data/item/item_314/item_314.trmdl	bin/chara/data/item/item_314/item_314.trmsh	bin/chara/data/item/item_314/item_314.trmbf	bin/chara/data/item/item_314/item_314.trskl	0	524	524	0	0	0	524
bin/chara/data/item/item_315/item_315.trmdl	bin/chara/data/item/item_315/item_315.trmsh	bin/chara/data/item/item_315/item_315.trmbf	bin/chara/data/item/item_315/item_315.trskl	0	1057	1057	0	0	0	1057
bin/chara/data/item/item_316/item_316.trmdl	bin/chara/data/item/item_316/item_316.trmsh	bin/chara/data/item/item_316/item_316.trmbf	bin/chara/data/item/item_316/item_316.trskl	0	858	858	0	0	0	858
bin/chara/data/item/item_317/item_317.trmdl	bin/chara/data/item/item_317/item_317.trmsh	bin/chara/data/item/item_317/item_317.trmbf	bin/chara/data/item/item_317/item_317.trskl	0	1064	1064	0	0	0	1064
bin/chara/data/item/item_318/item_318.trmdl	bin/chara/data/item/item_318/item_318.trmsh	bin/chara/data/item/item_318/item_318.trmbf	bin/chara/data/item/item_318/item_318.trskl	0	915	915	0	0	0	915
bin/chara/data/item/item_319/item_319.trmdl	bin/chara/data/item/item_319/item_319.trmsh	bin/chara/data/item/item_319/item_319.trmbf	bin/chara/data/item/item_319/item_319.trskl	0	527	527	0	0	0	527
bin/chara/data/item/item_320/item_320.trmdl	bin/chara/data/item/item_320/item_320.trmsh	bin/chara/data/item/item_320/item_320.trmbf	bin/chara/data/item/item_320/item_320.trskl	0	173	173	0	0	0	173
bin/chara/data/item/item_321/item_321.trmdl	bin/chara/data/item/item_321/item_321.trmsh	bin/chara/data/item/item_321/item_321.trmbf	bin/chara/data/item/item_321/item_321.trskl	0	290	290	0	0	0	290
bin/chara/data/item/item_322/item_322.trmdl	bin/chara/data/item/item_322/item_322.trmsh	bin/chara/data/item/item_322/item_322.trmbf	bin/chara/data/item/item_322/item_322.trskl	0	103	103	0	0	0	103
bin/chara/data/item/item_323/item_323.trmdl	bin/chara/data/item/item_323/item_323.trmsh	bin/chara/data/item/item_323/item_323.trmbf	bin/chara/data/item/item_323/item_323.trskl	0	260	260	0	0	0	260
bin/chara/data/item/item_323/item_323.trmdl	bin/chara/data/item/item_323/item_323.trmsh	bin/chara/data/item/item_323/item_323.trmbf	bin/chara/data/item/item_323/item_323.trskl	1	182	182	0	0	0	182
bin/chara/data/item/item_323/item_323.trmdl	bin/chara/data/item/item_323/item_323.trmsh	bin/chara/data/item/item_323/item_323.trmbf	bin/chara/data/item/item_323/item_323.trskl	2	118	118	0	0	0	118
bin/chara/data/item/item_323/item_323.trmdl	bin/chara/data/item/item_323/item_323.trmsh	bin/chara/data/item/item_323/item_323.trmbf	bin/chara/data/item/item_323/item_323.trskl	3	279	279	0	0	0	279
bin/chara/data/item/item_324/item_324.trmdl	bin/chara/data/item/item_324/item_324.trmsh	bin/chara/data/item/item_324/item_324.trmbf	bin/chara/data/item/item_324/item_324.trskl	0	178	178	0	0	0	178
bin/chara/data/item/item_325/item_325.trmdl	bin/chara/data/item/item_325/item_325.trmsh	bin/chara/data/item/item_325/item_325.trmbf	bin/chara/data/item/item_325/item_325.trskl	0	48	48	0	0	0	48
bin/chara/data/item/item_326/item_326.trmdl	bin/chara/data/item/item_326/item_326.trmsh	bin/chara/data/item/item_326/item_326.trmbf	bin/chara/data/item/item_326/item_326.trskl	0	120	120	0	0	0	120
bin/chara/data/item/item_327/item_327.trmdl	bin/chara/data/item/item_327/item_327.trmsh	bin/chara/data/item/item_327/item_327.trmbf	bin/chara/data/item/item_327/item_327.trskl	0	96	96	0	0	0	96
bin/chara/data/item/item_329/item_329.trmdl	bin/chara/data/item/item_329/item_329.trmsh	bin/chara/data/item/item_329/item_329.trmbf	bin/chara/data/item/item_329/item_329.trskl	0	96	96	0	0	0	96
bin/chara/data/item/item_401/item_401.trmdl	bin/chara/data/item/item_401/item_401.trmsh	bin/chara/data/item/item_401/item_401.trmbf	bin/chara/data/item/item_401/item_401.trskl	0	325	325	0	0	0	325
bin/chara/data/item/item_401/item_401.trmdl	bin/chara/data/item/item_401/item_401.trmsh	bin/chara/data/item/item_401/item_401.trmbf	bin/chara/data/item/item_401/item_401.trskl	1	178	178	0	0	0	178
bin/chara/data/item/item_401/item_401.trmdl	bin/chara/data/item/item_401/item_401.trmsh	bin/chara/data/item/item_401/item_401.trmbf	bin/chara/data/item/item_401/item_401.trskl	2	48	48	0	0	0	48
bin/chara/data/item/item_401/item_401.trmdl	bin/chara/data/item/item_401/item_401.trmsh	bin/chara/data/item/item_401/item_401.trmbf	bin/chara/data/item/item_401/item_401.trskl	3	105	105	0	0	0	105
bin/chara/data/item/item_401/item_401.trmdl	bin/chara/data/item/item_401/item_401.trmsh	bin/chara/data/item/item_401/item_401.trmbf	bin/chara/data/item/item_401/item_401.trskl	4	36	36	0	0	0	36
bin/chara/data/item/item_401/item_401.trmdl	bin/chara/data/item/item_401/item_401.trmsh	bin/chara/data/item/item_401/item_401.trmbf	bin/chara/data/item/item_401/item_401.trskl	5	102	102	0	0	0	102
bin/chara/data/item/item_402/item_402.trmdl	bin/chara/data/item/item_402/item_402.trmsh	bin/chara/data/item/item_402/item_402.trmbf	bin/chara/data/item/item_402/item_402.trskl	0	415	415	0	0	0	415
bin/chara/data/item/item_403/item_403.trmdl	bin/chara/data/item/item_403/item_403.trmsh	bin/chara/data/item/item_403/item_403.trmbf	bin/chara/data/item/item_403/item_403.trskl	0	91	91	0	0	0	91
bin/chara/data/item/item_403/item_403.trmdl	bin/chara/data/item/item_403/item_403.trmsh	bin/chara/data/item/item_403/item_403.trmbf	bin/chara/data/item/item_403/item_403.trskl	1	236	236	0	0	0	236
bin/chara/data/item/item_404/item_404.trmdl	bin/chara/data/item/item_404/item_404.trmsh	bin/chara/data/item/item_404/item_404.trmbf	bin/chara/data/item/item_404/item_404.trskl	0	93	93	0	0	0	93
bin/chara/data/item/item_405/item_405.trmdl	bin/chara/data/item/item_405/item_405.trmsh	bin/chara/data/item/item_405/item_405.trmbf	bin/chara/data/item/item_405/item_405.trskl	0	96	96	0	0	0	96
bin/chara/data/item/item_405/item_405.trmdl	bin/chara/data/item/item_405/item_405.trmsh	bin/chara/data/item/item_405/item_405.trmbf	bin/chara/data/item/item_405/item_405.trskl	1	100	100	0	0	0	100
bin/chara/data/item/item_406/item_406.trmdl	bin/chara/data/item/item_406/item_406.trmsh	bin/chara/data/item/item_406/item_406.trmbf	bin/chara/data/item/item_406/item_406.trskl	0	24	24	0	0	0	24
bin/chara/data/item/item_406/item_406.trmdl	bin/chara/data/item/item_406/item_406.trmsh	bin/chara/data/item/item_406/item_406.trmbf	bin/chara/data/item/item_406/item_406.trskl	1	20	20	0	0	0	20
bin/chara/data/item/item_406/item_406.trmdl	bin/chara/data/item/item_406/item_406.trmsh	bin/chara/data/item/item_406/item_406.trmbf	bin/chara/data/item/item_406/item_406.trskl	2	20	20	0	0	0	20
bin/chara/data/item/item_407/item_407.trmdl	bin/chara/data/item/item_407/item_407.trmsh	bin/chara/data/item/item_407/item_407.trmbf	bin/chara/data/item/item_407/item_407.trskl	0	131	131	0	0	0	131
bin/chara/data/item/item_407/item_407.trmdl	bin/chara/data/item/item_407/item_407.trmsh	bin/chara/data/item/item_407/item_407.trmbf	bin/chara/data/item/item_407/item_407.trskl	1	139	139	0	0	0	139
bin/chara/data/item/item_408/item_408.trmdl	bin/chara/data/item/item_408/item_408.trmsh	bin/chara/data/item/item_408/item_408.trmbf	bin/chara/data/item/item_408/item_408.trskl	0	81	81	0	0	0	81
bin/chara/data/item/item_408/item_408.trmdl	bin/chara/data/item/item_408/item_408.trmsh	bin/chara/data/item/item_408/item_408.trmbf	bin/chara/data/item/item_408/item_408.trskl	1	792	792	0	0	0	792
bin/chara/data/item/item_408/item_408.trmdl	bin/chara/data/item/item_408/item_408.trmsh	bin/chara/data/item/item_408/item_408.trmbf	bin/chara/data/item/item_408/item_408.trskl	2	48	48	0	0	0	48
bin/chara/data/item/item_408/item_408.trmdl	bin/chara/data/item/item_408/item_408.trmsh	bin/chara/data/item/item_408/item_408.trmbf	bin/chara/data/item/item_408/item_408.trskl	3	342	342	0	0	0	342
bin/chara/data/item/item_409/item_409.trmdl	bin/chara/data/item/item_409/item_409.trmsh	bin/chara/data/item/item_409/item_409.trmbf	bin/chara/data/item/item_409/item_409.trskl	0	291	291	0	0	0	291
bin/chara/data/item/item_409/item_409.trmdl	bin/chara/data/item/item_409/item_409.trmsh	bin/chara/data/item/item_409/item_409.trmbf	bin/chara/data/item/item_409/item_409.trskl	1	483	483	0	0	0	483
bin/chara/data/item/item_410/item_410.trmdl	bin/chara/data/item/item_410/item_410.trmsh	bin/chara/data/item/item_410/item_410.trmbf	bin/chara/data/item/item_410/item_410.trskl	0	144	144	0	0	0	144
bin/chara/data/item/item_410/item_410.trmdl	bin/chara/data/item/item_410/item_410.trmsh	bin/chara/data/item/item_410/item_410.trmbf	bin/chara/data/item/item_410/item_410.trskl	1	226	226	0	0	0	226
bin/chara/data/item/item_411/item_411.trmdl	bin/chara/data/item/item_411/item_411.trmsh	bin/chara/data/item/item_411/item_411.trmbf	bin/chara/data/item/item_411/item_411.trskl	0	64	64	0	0	0	64
bin/chara/data/item/item_411/item_411.trmdl	bin/chara/data/item/item_411/item_411.trmsh	bin/chara/data/item/item_411/item_411.trmbf	bin/chara/data/item/item_411/item_411.trskl	1	303	303	0	0	0	303
bin/chara/data/item/item_411/item_411.trmdl	bin/chara/data/item/item_411/item_411.trmsh	bin/chara/data/item/item_411/item_411.trmbf	bin/chara/data/item/item_411/item_411.trskl	2	811	811	0	0	0	811
bin/chara/data/item/item_412/item_412.trmdl	bin/chara/data/item/item_412/item_412.trmsh	bin/chara/data/item/item_412/item_412.trmbf	bin/chara/data/item/item_412/item_412.trskl	0	147	147	0	0	0	147
bin/chara/data/item/item_413/item_413.trmdl	bin/chara/data/item/item_413/item_413.trmsh	bin/chara/data/item/item_413/item_413.trmbf	bin/chara/data/item/item_413/item_413.trskl	0	130	130	0	0	0	130
bin/chara/data/item/item_414/item_414.trmdl	bin/chara/data/item/item_414/item_414.trmsh	bin/chara/data/item/item_414/item_414.trmbf	bin/chara/data/item/item_414/item_414.trskl	0	144	144	0	0	0	144
bin/chara/data/item/item_414/item_414.trmdl	bin/chara/data/item/item_414/item_414.trmsh	bin/chara/data/item/item_414/item_414.trmbf	bin/chara/data/item/item_414/item_414.trskl	1	690	690	0	0	0	690
bin/chara/data/item/item_414/item_414.trmdl	bin/chara/data/item/item_414/item_414.trmsh	bin/chara/data/item/item_414/item_414.trmbf	bin/chara/data/item/item_414/item_414.trskl	2	513	513	0	0	0	513
bin/chara/data/item/item_415/item_415.trmdl	bin/chara/data/item/item_415/item_415.trmsh	bin/chara/data/item/item_415/item_415.trmbf	bin/chara/data/item/item_415/item_415.trskl	0	406	406	0	0	0	406
bin/chara/data/item/item_415/item_415.trmdl	bin/chara/data/item/item_415/item_415.trmsh	bin/chara/data/item/item_415/item_415.trmbf	bin/chara/data/item/item_415/item_415.trskl	1	1441	1441	0	0	0	1441
bin/demo/graphic/ev/d150/d150_kingtree/mdl/d150_kingtree.trmdl	bin/demo/graphic/ev/d150/d150_kingtree/mdl/d150_kingtree.trmsh	bin/demo/graphic/ev/d150/d150_kingtree/mdl/d150_kingtree.trmbf	bin/demo/graphic/ev/d150/d150_kingtree/mdl/d150_kingtree.trskl	0	44208	44208	0	0	0	44208
bin/demo/graphic/ev/d150/d150_kingtree/mdl/d150_kingtree.trmdl	bin/demo/graphic/ev/d150/d150_kingtree/mdl/d150_kingtree.trmsh	bin/demo/graphic/ev/d150/d150_kingtree/mdl/d150_kingtree.trmbf	bin/demo/graphic/ev/d150/d150_kingtree/mdl/d150_kingtree.trskl	1	1512	1512	0	0	0	0
bin/demo/graphic/ev/d150/d150_kingtree/mdl/d150_kingtree.trmdl	bin/demo/graphic/ev/d150/d150_kingtree/mdl/d150_kingtree.trmsh	bin/demo/graphic/ev/d150/d150_kingtree/mdl/d150_kingtree.trmbf	bin/demo/graphic/ev/d150/d150_kingtree/mdl/d150_kingtree.trskl	2	246	246	0	0	0	0
bin/demo/graphic/ev/d150/d150_kingtree/mdl/d150_kingtree.trmdl	bin/demo/graphic/ev/d150/d150_kingtree/mdl/d150_kingtree.trmsh	bin/demo/graphic/ev/d150/d150_kingtree/mdl/d150_kingtree.trmbf	bin/demo/graphic/ev/d150/d150_kingtree/mdl/d150_kingtree.trskl	3	264	264	0	0	0	0
bin/demo/graphic/ev/d150/d150_kingtree/mdl/d150_kingtree.trmdl	bin/demo/graphic/ev/d150/d150_kingtree/mdl/d150_kingtree.trmsh	bin/demo/graphic/ev/d150/d150_kingtree/mdl/d150_kingtree.trmbf	bin/demo/graphic/ev/d150/d150_kingtree/mdl/d150_kingtree.trskl	4	1482	1482	0	0	0	0
bin/demo/graphic/sd/sd9150/sd9150_mysterygift/mdl/sd9150_mysterygift.trmdl	bin/demo/graphic/sd/sd9150/sd9150_mysterygift/mdl/sd9150_mysterygift.trmsh	bin/demo/graphic/sd/sd9150/sd9150_mysterygift/mdl/sd9150_mysterygift.trmbf	bin/demo/graphic/sd/sd9150/sd9150_mysterygift/mdl/sd9150_mysterygift.trskl	0	1455	831	624	0	0	0
bin/demo/graphic/sd/sd9150/sd9150_mysterygift/mdl/sd9150_mysterygift.trmdl	bin/demo/graphic/sd/sd9150/sd9150_mysterygift/mdl/sd9150_mysterygift.trmsh	bin/demo/graphic/sd/sd9150/sd9150_mysterygift/mdl/sd9150_mysterygift.trmbf	bin/demo/graphic/sd/sd9150/sd9150_mysterygift/mdl/sd9150_mysterygift.trskl	1	142	142	0	0	0	142
